case_id,source_soc,scale,topology_type,die_count,tower_count,target_count,recipe_count,pareto_recipe_count,lane_count,power_profile,max_power_w,method_id,method_label,status,error,makespan_s,normalized_makespan,speedup_vs_serial,peak_power_w,peak_temperature_c,peak_thermal_region,fpp_utilization,serial_busy_ratio,selected_recipe_types,thermal_violations,solver_status,solver_wall_time_s
m10_large_p34392_2_5d_interposer,p34392,large,2_5d_interposer,8,1,28,111,69,2,tight,6.3,pure_serial,Pure serial IEEE 1838,ok,,0.21050052000000002,1.0,1.0,2.1799999999999997,25.13558930394249,thermal_die0,0.0,0.9998717342836017,I:7;S:21,0,greedy,0.0
m10_large_p34392_2_5d_interposer,p34392,large,2_5d_interposer,8,1,28,111,69,2,tight,6.3,m4_greedy,M4 greedy recipe scheduling,ok,,0.0031156611250000004,0.014801203935268188,67.56207159724407,2.2563999999999997,25.00491117581185,thermal_die0,0.051977280985588535,0.9914685442563974,F:20;I:7;S:1,0,greedy,0.0
m10_large_p34392_2_5d_interposer,p34392,large,2_5d_interposer,8,1,28,111,69,2,nominal,14.0,pure_serial,Pure serial IEEE 1838,ok,,0.21050052000000002,1.0,1.0,2.1799999999999997,25.13558930394249,thermal_die0,0.0,0.9998717342836017,I:7;S:21,0,greedy,0.0
m10_large_p34392_2_5d_interposer,p34392,large,2_5d_interposer,8,1,28,111,69,2,nominal,14.0,m4_greedy,M4 greedy recipe scheduling,ok,,0.0031156611250000004,0.014801203935268188,67.56207159724407,2.2563999999999997,25.00491117581185,thermal_die0,0.051977280985588535,0.9914685442563974,F:20;I:7;S:1,0,greedy,0.0
m10_large_p34392_2_5d_interposer,p34392,large,2_5d_interposer,8,1,28,111,69,2,relaxed,21.0,pure_serial,Pure serial IEEE 1838,ok,,0.21050052000000002,1.0,1.0,2.1799999999999997,25.13558930394249,thermal_die0,0.0,0.9998717342836017,I:7;S:21,0,greedy,0.0
m10_large_p34392_2_5d_interposer,p34392,large,2_5d_interposer,8,1,28,111,69,2,relaxed,21.0,m4_greedy,M4 greedy recipe scheduling,ok,,0.0031156611250000004,0.014801203935268188,67.56207159724407,2.2563999999999997,25.00491117581185,thermal_die0,0.051977280985588535,0.9914685442563974,F:20;I:7;S:1,0,greedy,0.0
m10_large_p34392_2_5d_interposer,p34392,large,2_5d_interposer,8,1,28,151,89,8,tight,6.3,pure_serial,Pure serial IEEE 1838,ok,,0.21050052000000002,1.0,1.0,2.1799999999999997,25.13558930394249,thermal_die0,0.0,0.9998717342836017,I:7;S:21,0,greedy,0.0
m10_large_p34392_2_5d_interposer,p34392,large,2_5d_interposer,8,1,28,151,89,8,tight,6.3,m4_greedy,M4 greedy recipe scheduling,ok,,0.0030960799999999998,0.014708182193564175,67.98936719981397,2.2859,25.004812883980506,thermal_die0,0.013076502686461579,0.9977390765096509,F:20;I:7;S:1,0,greedy,0.0
m10_large_p34392_2_5d_interposer,p34392,large,2_5d_interposer,8,1,28,151,89,8,nominal,14.0,pure_serial,Pure serial IEEE 1838,ok,,0.21050052000000002,1.0,1.0,2.1799999999999997,25.13558930394249,thermal_die0,0.0,0.9998717342836017,I:7;S:21,0,greedy,0.0
m10_large_p34392_2_5d_interposer,p34392,large,2_5d_interposer,8,1,28,151,89,8,nominal,14.0,m4_greedy,M4 greedy recipe scheduling,ok,,0.0030960799999999998,0.014708182193564175,67.98936719981397,2.2859,25.004812883980506,thermal_die0,0.013076502686461579,0.9977390765096509,F:20;I:7;S:1,0,greedy,0.0
m10_large_p34392_2_5d_interposer,p34392,large,2_5d_interposer,8,1,28,151,89,8,relaxed,21.0,pure_serial,Pure serial IEEE 1838,ok,,0.21050052000000002,1.0,1.0,2.1799999999999997,25.13558930394249,thermal_die0,0.0,0.9998717342836017,I:7;S:21,0,greedy,0.0
m10_large_p34392_2_5d_interposer,p34392,large,2_5d_interposer,8,1,28,151,89,8,relaxed,21.0,m4_greedy,M4 greedy recipe scheduling,ok,,0.0030960799999999998,0.014708182193564175,67.98936719981397,2.2859,25.004812883980506,thermal_die0,0.013076502686461579,0.9977390765096509,F:20;I:7;S:1,0,greedy,0.0
m10_large_p34392_2_5d_interposer,p34392,large,2_5d_interposer,8,1,28,151,98,16,tight,6.3,pure_serial,Pure serial IEEE 1838,ok,,0.21050052000000002,1.0,1.0,2.1799999999999997,25.13558930394249,thermal_die0,0.0,0.9998717342836017,I:7;S:21,0,greedy,0.0
m10_large_p34392_2_5d_interposer,p34392,large,2_5d_interposer,8,1,28,151,98,16,tight,6.3,m4_greedy,M4 greedy recipe scheduling,ok,,0.0030960799999999998,0.014708182193564175,67.98936719981397,2.2859,25.004796610707988,thermal_die0,0.006538251343230796,0.9977390765096509,F:20;I:7;S:1,0,greedy,0.0
m10_large_p34392_2_5d_interposer,p34392,large,2_5d_interposer,8,1,28,151,98,16,nominal,14.0,pure_serial,Pure serial IEEE 1838,ok,,0.21050052000000002,1.0,1.0,2.1799999999999997,25.13558930394249,thermal_die0,0.0,0.9998717342836017,I:7;S:21,0,greedy,0.0
m10_large_p34392_2_5d_interposer,p34392,large,2_5d_interposer,8,1,28,151,98,16,nominal,14.0,m4_greedy,M4 greedy recipe scheduling,ok,,0.0030960799999999998,0.014708182193564175,67.98936719981397,2.2859,25.004796610707988,thermal_die0,0.006538251343230796,0.9977390765096509,F:20;I:7;S:1,0,greedy,0.0
m10_large_p34392_2_5d_interposer,p34392,large,2_5d_interposer,8,1,28,151,98,16,relaxed,21.0,pure_serial,Pure serial IEEE 1838,ok,,0.21050052000000002,1.0,1.0,2.1799999999999997,25.13558930394249,thermal_die0,0.0,0.9998717342836017,I:7;S:21,0,greedy,0.0
m10_large_p34392_2_5d_interposer,p34392,large,2_5d_interposer,8,1,28,151,98,16,relaxed,21.0,m4_greedy,M4 greedy recipe scheduling,ok,,0.0030960799999999998,0.014708182193564175,67.98936719981397,2.2859,25.004796610707988,thermal_die0,0.006538251343230796,0.9977390765096509,F:20;I:7;S:1,0,greedy,0.0
m10_large_p34392_3d_stack,p34392,large,3d_stack,8,1,28,111,69,2,tight,6.3,pure_serial,Pure serial IEEE 1838,ok,,0.21089507999999996,1.0,1.0,2.1799999999999997,25.149742269194586,thermal_die0,0.0,0.9998719742537377,I:7;S:21,0,greedy,0.0
m10_large_p34392_3d_stack,p34392,large,3d_stack,8,1,28,111,69,2,tight,6.3,m4_greedy,M4 greedy recipe scheduling,ok,,0.00432457425,0.020505809097111232,48.76666876513912,2.4128,25.003039987342667,thermal_die6,0.2985014073928778,0.9813312836517952,F:17;I:7;S:4,0,greedy,0.0
m10_large_p34392_3d_stack,p34392,large,3d_stack,8,1,28,111,69,2,nominal,14.0,pure_serial,Pure serial IEEE 1838,ok,,0.21089507999999996,1.0,1.0,2.1799999999999997,25.149742269194586,thermal_die0,0.0,0.9998719742537377,I:7;S:21,0,greedy,0.0
m10_large_p34392_3d_stack,p34392,large,3d_stack,8,1,28,111,69,2,nominal,14.0,m4_greedy,M4 greedy recipe scheduling,ok,,0.00432457425,0.020505809097111232,48.76666876513912,2.4128,25.003039987342667,thermal_die6,0.2985014073928778,0.9813312836517952,F:17;I:7;S:4,0,greedy,0.0
m10_large_p34392_3d_stack,p34392,large,3d_stack,8,1,28,111,69,2,relaxed,21.0,pure_serial,Pure serial IEEE 1838,ok,,0.21089507999999996,1.0,1.0,2.1799999999999997,25.149742269194586,thermal_die0,0.0,0.9998719742537377,I:7;S:21,0,greedy,0.0
m10_large_p34392_3d_stack,p34392,large,3d_stack,8,1,28,111,69,2,relaxed,21.0,m4_greedy,M4 greedy recipe scheduling,ok,,0.00432457425,0.020505809097111232,48.76666876513912,2.4128,25.003039987342667,thermal_die6,0.2985014073928778,0.9813312836517952,F:17;I:7;S:4,0,greedy,0.0
m10_large_p34392_3d_stack,p34392,large,3d_stack,8,1,28,151,89,8,tight,6.3,pure_serial,Pure serial IEEE 1838,ok,,0.21089507999999996,1.0,1.0,2.1799999999999997,25.149742269194586,thermal_die0,0.0,0.9998719742537377,I:7;S:21,0,greedy,0.0
m10_large_p34392_3d_stack,p34392,large,3d_stack,8,1,28,151,89,8,tight,6.3,m4_greedy,M4 greedy recipe scheduling,ok,,0.0034926920625,0.016561278065377345,60.381813290761585,2.2377,25.00195435496742,thermal_die6,0.09273282090267293,0.9974082849738773,F:20;I:7;S:1,0,greedy,0.0
m10_large_p34392_3d_stack,p34392,large,3d_stack,8,1,28,151,89,8,nominal,14.0,pure_serial,Pure serial IEEE 1838,ok,,0.21089507999999996,1.0,1.0,2.1799999999999997,25.149742269194586,thermal_die0,0.0,0.9998719742537377,I:7;S:21,0,greedy,0.0
m10_large_p34392_3d_stack,p34392,large,3d_stack,8,1,28,151,89,8,nominal,14.0,m4_greedy,M4 greedy recipe scheduling,ok,,0.0034926920625,0.016561278065377345,60.381813290761585,2.2377,25.00195435496742,thermal_die6,0.09273282090267293,0.9974082849738773,F:20;I:7;S:1,0,greedy,0.0
m10_large_p34392_3d_stack,p34392,large,3d_stack,8,1,28,151,89,8,relaxed,21.0,pure_serial,Pure serial IEEE 1838,ok,,0.21089507999999996,1.0,1.0,2.1799999999999997,25.149742269194586,thermal_die0,0.0,0.9998719742537377,I:7;S:21,0,greedy,0.0
m10_large_p34392_3d_stack,p34392,large,3d_stack,8,1,28,151,89,8,relaxed,21.0,m4_greedy,M4 greedy recipe scheduling,ok,,0.0034926920625,0.016561278065377345,60.381813290761585,2.2377,25.00195435496742,thermal_die6,0.09273282090267293,0.9974082849738773,F:20;I:7;S:1,0,greedy,0.0
m10_large_p34392_3d_stack,p34392,large,3d_stack,8,1,28,151,103,16,tight,6.3,pure_serial,Pure serial IEEE 1838,ok,,0.21089507999999996,1.0,1.0,2.1799999999999997,25.149742269194586,thermal_die0,0.0,0.9998719742537377,I:7;S:21,0,greedy,0.0
m10_large_p34392_3d_stack,p34392,large,3d_stack,8,1,28,151,103,16,tight,6.3,m4_greedy,M4 greedy recipe scheduling,ok,,0.0034925643437500003,0.016560672462107705,60.384021378847336,2.2432,25.001915824250542,thermal_die6,0.046368106013508575,0.9974447589588518,F:20;I:7;S:1,0,greedy,0.0
m10_large_p34392_3d_stack,p34392,large,3d_stack,8,1,28,151,103,16,nominal,14.0,pure_serial,Pure serial IEEE 1838,ok,,0.21089507999999996,1.0,1.0,2.1799999999999997,25.149742269194586,thermal_die0,0.0,0.9998719742537377,I:7;S:21,0,greedy,0.0
m10_large_p34392_3d_stack,p34392,large,3d_stack,8,1,28,151,103,16,nominal,14.0,m4_greedy,M4 greedy recipe scheduling,ok,,0.0034925643437500003,0.016560672462107705,60.384021378847336,2.2432,25.001915824250542,thermal_die6,0.046368106013508575,0.9974447589588518,F:20;I:7;S:1,0,greedy,0.0
m10_large_p34392_3d_stack,p34392,large,3d_stack,8,1,28,151,103,16,relaxed,21.0,pure_serial,Pure serial IEEE 1838,ok,,0.21089507999999996,1.0,1.0,2.1799999999999997,25.149742269194586,thermal_die0,0.0,0.9998719742537377,I:7;S:21,0,greedy,0.0
m10_large_p34392_3d_stack,p34392,large,3d_stack,8,1,28,151,103,16,relaxed,21.0,m4_greedy,M4 greedy recipe scheduling,ok,,0.0034925643437500003,0.016560672462107705,60.384021378847336,2.2432,25.001915824250542,thermal_die6,0.046368106013508575,0.9974447589588518,F:20;I:7;S:1,0,greedy,0.0
m10_large_p34392_5_5d_multi_tower,p34392,large,5_5d_multi_tower,8,4,28,111,69,2,tight,6.3,pure_serial,Pure serial IEEE 1838,ok,,0.2104461200000001,1.0,1.0,2.1799999999999997,25.138723276204328,thermal_die0,0.0,0.9998717011271102,I:7;S:21,0,greedy,0.0
m10_large_p34392_5_5d_multi_tower,p34392,large,5_5d_multi_tower,8,4,28,111,69,2,tight,6.3,m4_greedy,M4 greedy recipe scheduling,ok,,0.0038896200000000008,0.018482735628482953,54.10454491698419,2.4103,25.00324783570288,thermal_die0,0.3320132172294465,0.9550855867668305,F:16;I:7;S:5,0,greedy,0.0
m10_large_p34392_5_5d_multi_tower,p34392,large,5_5d_multi_tower,8,4,28,111,69,2,nominal,14.0,pure_serial,Pure serial IEEE 1838,ok,,0.2104461200000001,1.0,1.0,2.1799999999999997,25.138723276204328,thermal_die0,0.0,0.9998717011271102,I:7;S:21,0,greedy,0.0
m10_large_p34392_5_5d_multi_tower,p34392,large,5_5d_multi_tower,8,4,28,111,69,2,nominal,14.0,m4_greedy,M4 greedy recipe scheduling,ok,,0.0038896200000000008,0.018482735628482953,54.10454491698419,2.4103,25.00324783570288,thermal_die0,0.3320132172294465,0.9550855867668305,F:16;I:7;S:5,0,greedy,0.0
m10_large_p34392_5_5d_multi_tower,p34392,large,5_5d_multi_tower,8,4,28,111,69,2,relaxed,21.0,pure_serial,Pure serial IEEE 1838,ok,,0.2104461200000001,1.0,1.0,2.1799999999999997,25.138723276204328,thermal_die0,0.0,0.9998717011271102,I:7;S:21,0,greedy,0.0
m10_large_p34392_5_5d_multi_tower,p34392,large,5_5d_multi_tower,8,4,28,111,69,2,relaxed,21.0,m4_greedy,M4 greedy recipe scheduling,ok,,0.0038896200000000008,0.018482735628482953,54.10454491698419,2.4103,25.00324783570288,thermal_die0,0.3320132172294465,0.9550855867668305,F:16;I:7;S:5,0,greedy,0.0
m10_large_p34392_5_5d_multi_tower,p34392,large,5_5d_multi_tower,8,4,28,151,89,8,tight,6.3,pure_serial,Pure serial IEEE 1838,ok,,0.2104461200000001,1.0,1.0,2.1799999999999997,25.138723276204328,thermal_die0,0.0,0.9998717011271102,I:7;S:21,0,greedy,0.0
m10_large_p34392_5_5d_multi_tower,p34392,large,5_5d_multi_tower,8,4,28,151,89,8,tight,6.3,m4_greedy,M4 greedy recipe scheduling,ok,,0.003140371625000001,0.014922449627486595,67.01312619330524,2.5855999999999995,25.001830431620295,thermal_die0,0.1031365794167752,0.9663442300399717,F:20;I:7;S:1,0,greedy,0.0
m10_large_p34392_5_5d_multi_tower,p34392,large,5_5d_multi_tower,8,4,28,151,89,8,nominal,14.0,pure_serial,Pure serial IEEE 1838,ok,,0.2104461200000001,1.0,1.0,2.1799999999999997,25.138723276204328,thermal_die0,0.0,0.9998717011271102,I:7;S:21,0,greedy,0.0
m10_large_p34392_5_5d_multi_tower,p34392,large,5_5d_multi_tower,8,4,28,151,89,8,nominal,14.0,m4_greedy,M4 greedy recipe scheduling,ok,,0.003140371625000001,0.014922449627486595,67.01312619330524,2.5855999999999995,25.001830431620295,thermal_die0,0.1031365794167752,0.9663442300399717,F:20;I:7;S:1,0,greedy,0.0
m10_large_p34392_5_5d_multi_tower,p34392,large,5_5d_multi_tower,8,4,28,151,89,8,relaxed,21.0,pure_serial,Pure serial IEEE 1838,ok,,0.2104461200000001,1.0,1.0,2.1799999999999997,25.138723276204328,thermal_die0,0.0,0.9998717011271102,I:7;S:21,0,greedy,0.0
m10_large_p34392_5_5d_multi_tower,p34392,large,5_5d_multi_tower,8,4,28,151,89,8,relaxed,21.0,m4_greedy,M4 greedy recipe scheduling,ok,,0.003140371625000001,0.014922449627486595,67.01312619330524,2.5855999999999995,25.001830431620295,thermal_die0,0.1031365794167752,0.9663442300399717,F:20;I:7;S:1,0,greedy,0.0
m10_large_p34392_5_5d_multi_tower,p34392,large,5_5d_multi_tower,8,4,28,151,103,16,tight,6.3,pure_serial,Pure serial IEEE 1838,ok,,0.2104461200000001,1.0,1.0,2.1799999999999997,25.138723276204328,thermal_die0,0.0,0.9998717011271102,I:7;S:21,0,greedy,0.0
m10_large_p34392_5_5d_multi_tower,p34392,large,5_5d_multi_tower,8,4,28,151,103,16,tight,6.3,m4_greedy,M4 greedy recipe scheduling,ok,,0.00304293203125,0.014459435181081021,69.15899462714958,2.9404,25.00168263609055,thermal_die0,0.05321958955602289,0.9972881315897776,F:20;I:7;S:1,0,greedy,0.0
m10_large_p34392_5_5d_multi_tower,p34392,large,5_5d_multi_tower,8,4,28,151,103,16,nominal,14.0,pure_serial,Pure serial IEEE 1838,ok,,0.2104461200000001,1.0,1.0,2.1799999999999997,25.138723276204328,thermal_die0,0.0,0.9998717011271102,I:7;S:21,0,greedy,0.0
m10_large_p34392_5_5d_multi_tower,p34392,large,5_5d_multi_tower,8,4,28,151,103,16,nominal,14.0,m4_greedy,M4 greedy recipe scheduling,ok,,0.00304293203125,0.014459435181081021,69.15899462714958,2.9404,25.00168263609055,thermal_die0,0.05321958955602289,0.9972881315897776,F:20;I:7;S:1,0,greedy,0.0
m10_large_p34392_5_5d_multi_tower,p34392,large,5_5d_multi_tower,8,4,28,151,103,16,relaxed,21.0,pure_serial,Pure serial IEEE 1838,ok,,0.2104461200000001,1.0,1.0,2.1799999999999997,25.138723276204328,thermal_die0,0.0,0.9998717011271102,I:7;S:21,0,greedy,0.0
m10_large_p34392_5_5d_multi_tower,p34392,large,5_5d_multi_tower,8,4,28,151,103,16,relaxed,21.0,m4_greedy,M4 greedy recipe scheduling,ok,,0.00304293203125,0.014459435181081021,69.15899462714958,2.9404,25.00168263609055,thermal_die0,0.05321958955602289,0.9972881315897776,F:20;I:7;S:1,0,greedy,0.0
m10_medium_p22810_2_5d_interposer,p22810,medium,2_5d_interposer,6,1,22,89,55,2,tight,6.3,pure_serial,Pure serial IEEE 1838,ok,,0.09304835999999998,1.0,1.0,2.1799999999999997,25.130599203437754,thermal_die1,0.0,0.9997743109067154,I:5;S:17,0,greedy,0.0
m10_medium_p22810_2_5d_interposer,p22810,medium,2_5d_interposer,6,1,22,89,55,2,tight,6.3,m4_greedy,M4 greedy recipe scheduling,ok,,0.00211810415625,0.02276347650028437,43.930020969666366,2.2584999999999997,25.003164696266786,thermal_die0,0.033506481983232264,0.9973636063960678,F:16;I:5;S:1,0,greedy,0.0
m10_medium_p22810_2_5d_interposer,p22810,medium,2_5d_interposer,6,1,22,89,55,2,nominal,14.0,pure_serial,Pure serial IEEE 1838,ok,,0.09304835999999998,1.0,1.0,2.1799999999999997,25.130599203437754,thermal_die1,0.0,0.9997743109067154,I:5;S:17,0,greedy,0.0
m10_medium_p22810_2_5d_interposer,p22810,medium,2_5d_interposer,6,1,22,89,55,2,nominal,14.0,m4_greedy,M4 greedy recipe scheduling,ok,,0.00211810415625,0.02276347650028437,43.930020969666366,2.2584999999999997,25.003164696266786,thermal_die0,0.033506481983232264,0.9973636063960678,F:16;I:5;S:1,0,greedy,0.0
m10_medium_p22810_2_5d_interposer,p22810,medium,2_5d_interposer,6,1,22,89,55,2,relaxed,21.0,pure_serial,Pure serial IEEE 1838,ok,,0.09304835999999998,1.0,1.0,2.1799999999999997,25.130599203437754,thermal_die1,0.0,0.9997743109067154,I:5;S:17,0,greedy,0.0
m10_medium_p22810_2_5d_interposer,p22810,medium,2_5d_interposer,6,1,22,89,55,2,relaxed,21.0,m4_greedy,M4 greedy recipe scheduling,ok,,0.00211810415625,0.02276347650028437,43.930020969666366,2.2584999999999997,25.003164696266786,thermal_die0,0.033506481983232264,0.9973636063960678,F:16;I:5;S:1,0,greedy,0.0
m10_medium_p22810_2_5d_interposer,p22810,medium,2_5d_interposer,6,1,22,121,71,8,tight,6.3,pure_serial,Pure serial IEEE 1838,ok,,0.09304835999999998,1.0,1.0,2.1799999999999997,25.130599203437754,thermal_die1,0.0,0.9997743109067154,I:5;S:17,0,greedy,0.0
m10_medium_p22810_2_5d_interposer,p22810,medium,2_5d_interposer,6,1,22,121,71,8,tight,6.3,m4_greedy,M4 greedy recipe scheduling,ok,,0.00211752,0.022757198514836804,43.94213986172503,2.2584999999999997,25.00314493747335,thermal_die0,0.008378931338310854,0.9976387472137218,F:16;I:5;S:1,0,greedy,0.0
m10_medium_p22810_2_5d_interposer,p22810,medium,2_5d_interposer,6,1,22,121,71,8,nominal,14.0,pure_serial,Pure serial IEEE 1838,ok,,0.09304835999999998,1.0,1.0,2.1799999999999997,25.130599203437754,thermal_die1,0.0,0.9997743109067154,I:5;S:17,0,greedy,0.0
m10_medium_p22810_2_5d_interposer,p22810,medium,2_5d_interposer,6,1,22,121,71,8,nominal,14.0,m4_greedy,M4 greedy recipe scheduling,ok,,0.00211752,0.022757198514836804,43.94213986172503,2.2584999999999997,25.00314493747335,thermal_die0,0.008378931338310854,0.9976387472137218,F:16;I:5;S:1,0,greedy,0.0
m10_medium_p22810_2_5d_interposer,p22810,medium,2_5d_interposer,6,1,22,121,71,8,relaxed,21.0,pure_serial,Pure serial IEEE 1838,ok,,0.09304835999999998,1.0,1.0,2.1799999999999997,25.130599203437754,thermal_die1,0.0,0.9997743109067154,I:5;S:17,0,greedy,0.0
m10_medium_p22810_2_5d_interposer,p22810,medium,2_5d_interposer,6,1,22,121,71,8,relaxed,21.0,m4_greedy,M4 greedy recipe scheduling,ok,,0.00211752,0.022757198514836804,43.94213986172503,2.2584999999999997,25.00314493747335,thermal_die0,0.008378931338310854,0.9976387472137218,F:16;I:5;S:1,0,greedy,0.0
m10_medium_p22810_2_5d_interposer,p22810,medium,2_5d_interposer,6,1,22,121,76,16,tight,6.3,pure_serial,Pure serial IEEE 1838,ok,,0.09304835999999998,1.0,1.0,2.1799999999999997,25.130599203437754,thermal_die1,0.0,0.9997743109067154,I:5;S:17,0,greedy,0.0
m10_medium_p22810_2_5d_interposer,p22810,medium,2_5d_interposer,6,1,22,121,76,16,tight,6.3,m4_greedy,M4 greedy recipe scheduling,ok,,0.00211752,0.022757198514836804,43.94213986172503,2.2306999999999997,25.00314164532145,thermal_die0,0.004189465669155425,0.9976387472137218,F:16;I:5;S:1,0,greedy,0.0
m10_medium_p22810_2_5d_interposer,p22810,medium,2_5d_interposer,6,1,22,121,76,16,nominal,14.0,pure_serial,Pure serial IEEE 1838,ok,,0.09304835999999998,1.0,1.0,2.1799999999999997,25.130599203437754,thermal_die1,0.0,0.9997743109067154,I:5;S:17,0,greedy,0.0
m10_medium_p22810_2_5d_interposer,p22810,medium,2_5d_interposer,6,1,22,121,76,16,nominal,14.0,m4_greedy,M4 greedy recipe scheduling,ok,,0.00211752,0.022757198514836804,43.94213986172503,2.2306999999999997,25.00314164532145,thermal_die0,0.004189465669155425,0.9976387472137218,F:16;I:5;S:1,0,greedy,0.0
m10_medium_p22810_2_5d_interposer,p22810,medium,2_5d_interposer,6,1,22,121,76,16,relaxed,21.0,pure_serial,Pure serial IEEE 1838,ok,,0.09304835999999998,1.0,1.0,2.1799999999999997,25.130599203437754,thermal_die1,0.0,0.9997743109067154,I:5;S:17,0,greedy,0.0
m10_medium_p22810_2_5d_interposer,p22810,medium,2_5d_interposer,6,1,22,121,76,16,relaxed,21.0,m4_greedy,M4 greedy recipe scheduling,ok,,0.00211752,0.022757198514836804,43.94213986172503,2.2306999999999997,25.00314164532145,thermal_die0,0.004189465669155425,0.9976387472137218,F:16;I:5;S:1,0,greedy,0.0
m10_medium_p22810_3d_stack,p22810,medium,3d_stack,6,1,22,89,55,2,tight,6.3,pure_serial,Pure serial IEEE 1838,ok,,0.09320772,1.0,1.0,2.1799999999999997,25.13599610303438,thermal_die1,0.0,0.9997746967740438,I:5;S:17,0,greedy,0.0
m10_medium_p22810_3d_stack,p22810,medium,3d_stack,6,1,22,89,55,2,tight,6.3,m4_greedy,M4 greedy recipe scheduling,ok,,0.0026462027500000003,0.028390381719454145,35.22319671083404,2.2554,25.00212873076562,thermal_die1,0.21455716120013854,0.8585434354945022,F:16;I:5;S:1,0,greedy,0.0
m10_medium_p22810_3d_stack,p22810,medium,3d_stack,6,1,22,89,55,2,nominal,14.0,pure_serial,Pure serial IEEE 1838,ok,,0.09320772,1.0,1.0,2.1799999999999997,25.13599610303438,thermal_die1,0.0,0.9997746967740438,I:5;S:17,0,greedy,0.0
m10_medium_p22810_3d_stack,p22810,medium,3d_stack,6,1,22,89,55,2,nominal,14.0,m4_greedy,M4 greedy recipe scheduling,ok,,0.0026462027500000003,0.028390381719454145,35.22319671083404,2.2554,25.00212873076562,thermal_die1,0.21455716120013854,0.8585434354945022,F:16;I:5;S:1,0,greedy,0.0
m10_medium_p22810_3d_stack,p22810,medium,3d_stack,6,1,22,89,55,2,relaxed,21.0,pure_serial,Pure serial IEEE 1838,ok,,0.09320772,1.0,1.0,2.1799999999999997,25.13599610303438,thermal_die1,0.0,0.9997746967740438,I:5;S:17,0,greedy,0.0
m10_medium_p22810_3d_stack,p22810,medium,3d_stack,6,1,22,89,55,2,relaxed,21.0,m4_greedy,M4 greedy recipe scheduling,ok,,0.0026462027500000003,0.028390381719454145,35.22319671083404,2.2554,25.00212873076562,thermal_die1,0.21455716120013854,0.8585434354945022,F:16;I:5;S:1,0,greedy,0.0
m10_medium_p22810_3d_stack,p22810,medium,3d_stack,6,1,22,121,71,8,tight,6.3,pure_serial,Pure serial IEEE 1838,ok,,0.09320772,1.0,1.0,2.1799999999999997,25.13599610303438,thermal_die1,0.0,0.9997746967740438,I:5;S:17,0,greedy,0.0
m10_medium_p22810_3d_stack,p22810,medium,3d_stack,6,1,22,121,71,8,tight,6.3,m4_greedy,M4 greedy recipe scheduling,ok,,0.0022778200000000003,0.024438104483190882,40.919703927439386,2.2584999999999997,25.001422360395352,thermal_die4,0.06231415893266367,0.9973922434608528,F:16;I:5;S:1,0,greedy,0.0
m10_medium_p22810_3d_stack,p22810,medium,3d_stack,6,1,22,121,71,8,nominal,14.0,pure_serial,Pure serial IEEE 1838,ok,,0.09320772,1.0,1.0,2.1799999999999997,25.13599610303438,thermal_die1,0.0,0.9997746967740438,I:5;S:17,0,greedy,0.0
m10_medium_p22810_3d_stack,p22810,medium,3d_stack,6,1,22,121,71,8,nominal,14.0,m4_greedy,M4 greedy recipe scheduling,ok,,0.0022778200000000003,0.024438104483190882,40.919703927439386,2.2584999999999997,25.001422360395352,thermal_die4,0.06231415893266367,0.9973922434608528,F:16;I:5;S:1,0,greedy,0.0
m10_medium_p22810_3d_stack,p22810,medium,3d_stack,6,1,22,121,71,8,relaxed,21.0,pure_serial,Pure serial IEEE 1838,ok,,0.09320772,1.0,1.0,2.1799999999999997,25.13599610303438,thermal_die1,0.0,0.9997746967740438,I:5;S:17,0,greedy,0.0
m10_medium_p22810_3d_stack,p22810,medium,3d_stack,6,1,22,121,71,8,relaxed,21.0,m4_greedy,M4 greedy recipe scheduling,ok,,0.0022778200000000003,0.024438104483190882,40.919703927439386,2.2584999999999997,25.001422360395352,thermal_die4,0.06231415893266367,0.9973922434608528,F:16;I:5;S:1,0,greedy,0.0
m10_medium_p22810_3d_stack,p22810,medium,3d_stack,6,1,22,121,84,16,tight,6.3,pure_serial,Pure serial IEEE 1838,ok,,0.09320772,1.0,1.0,2.1799999999999997,25.13599610303438,thermal_die1,0.0,0.9997746967740438,I:5;S:17,0,greedy,0.0
m10_medium_p22810_3d_stack,p22810,medium,3d_stack,6,1,22,121,84,16,tight,6.3,m4_greedy,M4 greedy recipe scheduling,ok,,0.00227785,0.024438426344942244,40.9191650020853,2.2708,25.001401183110524,thermal_die4,0.03115666911780846,0.9973791074917137,F:16;I:5;S:1,0,greedy,0.0
m10_medium_p22810_3d_stack,p22810,medium,3d_stack,6,1,22,121,84,16,nominal,14.0,pure_serial,Pure serial IEEE 1838,ok,,0.09320772,1.0,1.0,2.1799999999999997,25.13599610303438,thermal_die1,0.0,0.9997746967740438,I:5;S:17,0,greedy,0.0
m10_medium_p22810_3d_stack,p22810,medium,3d_stack,6,1,22,121,84,16,nominal,14.0,m4_greedy,M4 greedy recipe scheduling,ok,,0.00227785,0.024438426344942244,40.9191650020853,2.2708,25.001401183110524,thermal_die4,0.03115666911780846,0.9973791074917137,F:16;I:5;S:1,0,greedy,0.0
m10_medium_p22810_3d_stack,p22810,medium,3d_stack,6,1,22,121,84,16,relaxed,21.0,pure_serial,Pure serial IEEE 1838,ok,,0.09320772,1.0,1.0,2.1799999999999997,25.13599610303438,thermal_die1,0.0,0.9997746967740438,I:5;S:17,0,greedy,0.0
m10_medium_p22810_3d_stack,p22810,medium,3d_stack,6,1,22,121,84,16,relaxed,21.0,m4_greedy,M4 greedy recipe scheduling,ok,,0.00227785,0.024438426344942244,40.9191650020853,2.2708,25.001401183110524,thermal_die4,0.03115666911780846,0.9973791074917137,F:16;I:5;S:1,0,greedy,0.0
m10_medium_p22810_5_5d_multi_tower,p22810,medium,5_5d_multi_tower,6,3,22,89,55,2,tight,6.3,pure_serial,Pure serial IEEE 1838,ok,,0.09308675999999996,1.0,1.0,2.1799999999999997,25.15795893408409,thermal_die1,0.0,0.9997744040076159,I:5;S:17,0,greedy,0.0
m10_medium_p22810_5_5d_multi_tower,p22810,medium,5_5d_multi_tower,6,3,22,89,55,2,tight,6.3,m4_greedy,M4 greedy recipe scheduling,ok,,0.00236253125,0.02537988485150843,39.40128199362441,2.2584999999999997,25.002619680996478,thermal_die1,0.24031925503630908,0.9104302853136864,F:16;I:5;S:1,0,greedy,0.0
m10_medium_p22810_5_5d_multi_tower,p22810,medium,5_5d_multi_tower,6,3,22,89,55,2,nominal,14.0,pure_serial,Pure serial IEEE 1838,ok,,0.09308675999999996,1.0,1.0,2.1799999999999997,25.15795893408409,thermal_die1,0.0,0.9997744040076159,I:5;S:17,0,greedy,0.0
m10_medium_p22810_5_5d_multi_tower,p22810,medium,5_5d_multi_tower,6,3,22,89,55,2,nominal,14.0,m4_greedy,M4 greedy recipe scheduling,ok,,0.00236253125,0.02537988485150843,39.40128199362441,2.2584999999999997,25.002619680996478,thermal_die1,0.24031925503630908,0.9104302853136864,F:16;I:5;S:1,0,greedy,0.0
m10_medium_p22810_5_5d_multi_tower,p22810,medium,5_5d_multi_tower,6,3,22,89,55,2,relaxed,21.0,pure_serial,Pure serial IEEE 1838,ok,,0.09308675999999996,1.0,1.0,2.1799999999999997,25.15795893408409,thermal_die1,0.0,0.9997744040076159,I:5;S:17,0,greedy,0.0
m10_medium_p22810_5_5d_multi_tower,p22810,medium,5_5d_multi_tower,6,3,22,89,55,2,relaxed,21.0,m4_greedy,M4 greedy recipe scheduling,ok,,0.00236253125,0.02537988485150843,39.40128199362441,2.2584999999999997,25.002619680996478,thermal_die1,0.24031925503630908,0.9104302853136864,F:16;I:5;S:1,0,greedy,0.0
m10_medium_p22810_5_5d_multi_tower,p22810,medium,5_5d_multi_tower,6,3,22,121,71,8,tight,6.3,pure_serial,Pure serial IEEE 1838,ok,,0.09308675999999996,1.0,1.0,2.1799999999999997,25.15795893408409,thermal_die1,0.0,0.9997744040076159,I:5;S:17,0,greedy,0.0
m10_medium_p22810_5_5d_multi_tower,p22810,medium,5_5d_multi_tower,6,3,22,121,71,8,tight,6.3,m4_greedy,M4 greedy recipe scheduling,ok,,0.0021578359375000002,0.02318091141532911,43.138942299685354,2.2554,25.001620935243967,thermal_die0,0.06577906829397216,0.9967949660213681,F:16;I:5;S:1,0,greedy,0.0
m10_medium_p22810_5_5d_multi_tower,p22810,medium,5_5d_multi_tower,6,3,22,121,71,8,nominal,14.0,pure_serial,Pure serial IEEE 1838,ok,,0.09308675999999996,1.0,1.0,2.1799999999999997,25.15795893408409,thermal_die1,0.0,0.9997744040076159,I:5;S:17,0,greedy,0.0
m10_medium_p22810_5_5d_multi_tower,p22810,medium,5_5d_multi_tower,6,3,22,121,71,8,nominal,14.0,m4_greedy,M4 greedy recipe scheduling,ok,,0.0021578359375000002,0.02318091141532911,43.138942299685354,2.2554,25.001620935243967,thermal_die0,0.06577906829397216,0.9967949660213681,F:16;I:5;S:1,0,greedy,0.0
m10_medium_p22810_5_5d_multi_tower,p22810,medium,5_5d_multi_tower,6,3,22,121,71,8,relaxed,21.0,pure_serial,Pure serial IEEE 1838,ok,,0.09308675999999996,1.0,1.0,2.1799999999999997,25.15795893408409,thermal_die1,0.0,0.9997744040076159,I:5;S:17,0,greedy,0.0
m10_medium_p22810_5_5d_multi_tower,p22810,medium,5_5d_multi_tower,6,3,22,121,71,8,relaxed,21.0,m4_greedy,M4 greedy recipe scheduling,ok,,0.0021578359375000002,0.02318091141532911,43.138942299685354,2.2554,25.001620935243967,thermal_die0,0.06577906829397216,0.9967949660213681,F:16;I:5;S:1,0,greedy,0.0
m10_medium_p22810_5_5d_multi_tower,p22810,medium,5_5d_multi_tower,6,3,22,121,84,16,tight,6.3,pure_serial,Pure serial IEEE 1838,ok,,0.09308675999999996,1.0,1.0,2.1799999999999997,25.15795893408409,thermal_die1,0.0,0.9997744040076159,I:5;S:17,0,greedy,0.0
m10_medium_p22810_5_5d_multi_tower,p22810,medium,5_5d_multi_tower,6,3,22,121,84,16,tight,6.3,m4_greedy,M4 greedy recipe scheduling,ok,,0.0021565300000000003,0.023166882164552736,43.16506610156129,2.2308,25.001562885178412,thermal_die0,0.03290945117851362,0.9973985986747226,F:16;I:5;S:1,0,greedy,0.0
m10_medium_p22810_5_5d_multi_tower,p22810,medium,5_5d_multi_tower,6,3,22,121,84,16,nominal,14.0,pure_serial,Pure serial IEEE 1838,ok,,0.09308675999999996,1.0,1.0,2.1799999999999997,25.15795893408409,thermal_die1,0.0,0.9997744040076159,I:5;S:17,0,greedy,0.0
m10_medium_p22810_5_5d_multi_tower,p22810,medium,5_5d_multi_tower,6,3,22,121,84,16,nominal,14.0,m4_greedy,M4 greedy recipe scheduling,ok,,0.0021565300000000003,0.023166882164552736,43.16506610156129,2.2308,25.001562885178412,thermal_die0,0.03290945117851362,0.9973985986747226,F:16;I:5;S:1,0,greedy,0.0
m10_medium_p22810_5_5d_multi_tower,p22810,medium,5_5d_multi_tower,6,3,22,121,84,16,relaxed,21.0,pure_serial,Pure serial IEEE 1838,ok,,0.09308675999999996,1.0,1.0,2.1799999999999997,25.15795893408409,thermal_die1,0.0,0.9997744040076159,I:5;S:17,0,greedy,0.0
m10_medium_p22810_5_5d_multi_tower,p22810,medium,5_5d_multi_tower,6,3,22,121,84,16,relaxed,21.0,m4_greedy,M4 greedy recipe scheduling,ok,,0.0021565300000000003,0.023166882164552736,43.16506610156129,2.2308,25.001562885178412,thermal_die0,0.03290945117851362,0.9973985986747226,F:16;I:5;S:1,0,greedy,0.0
m10_small_d695_2_5d_interposer,d695,small,2_5d_interposer,4,1,14,57,37,2,tight,4.5,pure_serial,Pure serial IEEE 1838,ok,,0.0036013999999999985,1.0,1.0,2.1799999999999997,25.005483945580103,thermal_die0,0.0,0.9963902926639637,I:3;S:11,0,greedy,0.0
m10_small_d695_2_5d_interposer,d695,small,2_5d_interposer,4,1,14,57,37,2,tight,4.5,m4_greedy,M4 greedy recipe scheduling,ok,,0.0012105600000000003,0.3361359471316712,2.974986782976472,2.2870999999999997,25.001734359561716,thermal_die0,0.001509038172416072,0.9975218080888184,F:10;I:3;S:1,0,greedy,0.0
m10_small_d695_2_5d_interposer,d695,small,2_5d_interposer,4,1,14,57,37,2,nominal,10.0,pure_serial,Pure serial IEEE 1838,ok,,0.0036013999999999985,1.0,1.0,2.1799999999999997,25.005483945580103,thermal_die0,0.0,0.9963902926639637,I:3;S:11,0,greedy,0.0
m10_small_d695_2_5d_interposer,d695,small,2_5d_interposer,4,1,14,57,37,2,nominal,10.0,m4_greedy,M4 greedy recipe scheduling,ok,,0.0012105600000000003,0.3361359471316712,2.974986782976472,2.2870999999999997,25.001734359561716,thermal_die0,0.001509038172416072,0.9975218080888184,F:10;I:3;S:1,0,greedy,0.0
m10_small_d695_2_5d_interposer,d695,small,2_5d_interposer,4,1,14,57,37,2,relaxed,15.0,pure_serial,Pure serial IEEE 1838,ok,,0.0036013999999999985,1.0,1.0,2.1799999999999997,25.005483945580103,thermal_die0,0.0,0.9963902926639637,I:3;S:11,0,greedy,0.0
m10_small_d695_2_5d_interposer,d695,small,2_5d_interposer,4,1,14,57,37,2,relaxed,15.0,m4_greedy,M4 greedy recipe scheduling,ok,,0.0012105600000000003,0.3361359471316712,2.974986782976472,2.2870999999999997,25.001734359561716,thermal_die0,0.001509038172416072,0.9975218080888184,F:10;I:3;S:1,0,greedy,0.0
m10_small_d695_2_5d_interposer,d695,small,2_5d_interposer,4,1,14,77,47,8,tight,4.5,pure_serial,Pure serial IEEE 1838,ok,,0.0036013999999999985,1.0,1.0,2.1799999999999997,25.005483945580103,thermal_die0,0.0,0.9963902926639637,I:3;S:11,0,greedy,0.0
m10_small_d695_2_5d_interposer,d695,small,2_5d_interposer,4,1,14,77,47,8,tight,4.5,m4_greedy,M4 greedy recipe scheduling,ok,,0.0012105600000000003,0.3361359471316712,2.974986782976472,2.2870999999999997,25.001732151672943,thermal_die0,0.000377259543104018,0.9975218080888184,F:10;I:3;S:1,0,greedy,0.0
m10_small_d695_2_5d_interposer,d695,small,2_5d_interposer,4,1,14,77,47,8,nominal,10.0,pure_serial,Pure serial IEEE 1838,ok,,0.0036013999999999985,1.0,1.0,2.1799999999999997,25.005483945580103,thermal_die0,0.0,0.9963902926639637,I:3;S:11,0,greedy,0.0
m10_small_d695_2_5d_interposer,d695,small,2_5d_interposer,4,1,14,77,47,8,nominal,10.0,m4_greedy,M4 greedy recipe scheduling,ok,,0.0012105600000000003,0.3361359471316712,2.974986782976472,2.2870999999999997,25.001732151672943,thermal_die0,0.000377259543104018,0.9975218080888184,F:10;I:3;S:1,0,greedy,0.0
m10_small_d695_2_5d_interposer,d695,small,2_5d_interposer,4,1,14,77,47,8,relaxed,15.0,pure_serial,Pure serial IEEE 1838,ok,,0.0036013999999999985,1.0,1.0,2.1799999999999997,25.005483945580103,thermal_die0,0.0,0.9963902926639637,I:3;S:11,0,greedy,0.0
m10_small_d695_2_5d_interposer,d695,small,2_5d_interposer,4,1,14,77,47,8,relaxed,15.0,m4_greedy,M4 greedy recipe scheduling,ok,,0.0012105600000000003,0.3361359471316712,2.974986782976472,2.2870999999999997,25.001732151672943,thermal_die0,0.000377259543104018,0.9975218080888184,F:10;I:3;S:1,0,greedy,0.0
m10_small_d695_2_5d_interposer,d695,small,2_5d_interposer,4,1,14,77,47,16,tight,4.5,pure_serial,Pure serial IEEE 1838,ok,,0.0036013999999999985,1.0,1.0,2.1799999999999997,25.005483945580103,thermal_die0,0.0,0.9963902926639637,I:3;S:11,0,greedy,0.0
m10_small_d695_2_5d_interposer,d695,small,2_5d_interposer,4,1,14,77,47,16,tight,4.5,m4_greedy,M4 greedy recipe scheduling,ok,,0.0012105600000000003,0.3361359471316712,2.974986782976472,2.2870999999999997,25.0017317835354,thermal_die0,0.0001886297715520089,0.9975218080888184,F:10;I:3;S:1,0,greedy,0.0
m10_small_d695_2_5d_interposer,d695,small,2_5d_interposer,4,1,14,77,47,16,nominal,10.0,pure_serial,Pure serial IEEE 1838,ok,,0.0036013999999999985,1.0,1.0,2.1799999999999997,25.005483945580103,thermal_die0,0.0,0.9963902926639637,I:3;S:11,0,greedy,0.0
m10_small_d695_2_5d_interposer,d695,small,2_5d_interposer,4,1,14,77,47,16,nominal,10.0,m4_greedy,M4 greedy recipe scheduling,ok,,0.0012105600000000003,0.3361359471316712,2.974986782976472,2.2870999999999997,25.0017317835354,thermal_die0,0.0001886297715520089,0.9975218080888184,F:10;I:3;S:1,0,greedy,0.0
m10_small_d695_2_5d_interposer,d695,small,2_5d_interposer,4,1,14,77,47,16,relaxed,15.0,pure_serial,Pure serial IEEE 1838,ok,,0.0036013999999999985,1.0,1.0,2.1799999999999997,25.005483945580103,thermal_die0,0.0,0.9963902926639637,I:3;S:11,0,greedy,0.0
m10_small_d695_2_5d_interposer,d695,small,2_5d_interposer,4,1,14,77,47,16,relaxed,15.0,m4_greedy,M4 greedy recipe scheduling,ok,,0.0012105600000000003,0.3361359471316712,2.974986782976472,2.2870999999999997,25.0017317835354,thermal_die0,0.0001886297715520089,0.9975218080888184,F:10;I:3;S:1,0,greedy,0.0
m10_small_d695_3d_stack,d695,small,3d_stack,4,1,14,57,37,2,tight,4.5,pure_serial,Pure serial IEEE 1838,ok,,0.0036202799999999996,1.0,1.0,2.1799999999999997,25.004820884844833,thermal_die1,0.0,0.9964091175268212,I:3;S:11,0,greedy,0.0
m10_small_d695_3d_stack,d695,small,3d_stack,4,1,14,57,37,2,tight,4.5,m4_greedy,M4 greedy recipe scheduling,ok,,0.0012297887500000001,0.3396943744682733,2.943822668730706,2.2493999999999996,25.000976580243982,thermal_die2,0.011883545039747678,0.9972769713497543,F:10;I:3;S:1,0,greedy,0.0
m10_small_d695_3d_stack,d695,small,3d_stack,4,1,14,57,37,2,nominal,10.0,pure_serial,Pure serial IEEE 1838,ok,,0.0036202799999999996,1.0,1.0,2.1799999999999997,25.004820884844833,thermal_die1,0.0,0.9964091175268212,I:3;S:11,0,greedy,0.0
m10_small_d695_3d_stack,d695,small,3d_stack,4,1,14,57,37,2,nominal,10.0,m4_greedy,M4 greedy recipe scheduling,ok,,0.0012297887500000001,0.3396943744682733,2.943822668730706,2.2493999999999996,25.000976580243982,thermal_die2,0.011883545039747678,0.9972769713497543,F:10;I:3;S:1,0,greedy,0.0
m10_small_d695_3d_stack,d695,small,3d_stack,4,1,14,57,37,2,relaxed,15.0,pure_serial,Pure serial IEEE 1838,ok,,0.0036202799999999996,1.0,1.0,2.1799999999999997,25.004820884844833,thermal_die1,0.0,0.9964091175268212,I:3;S:11,0,greedy,0.0
m10_small_d695_3d_stack,d695,small,3d_stack,4,1,14,57,37,2,relaxed,15.0,m4_greedy,M4 greedy recipe scheduling,ok,,0.0012297887500000001,0.3396943744682733,2.943822668730706,2.2493999999999996,25.000976580243982,thermal_die2,0.011883545039747678,0.9972769713497543,F:10;I:3;S:1,0,greedy,0.0
m10_small_d695_3d_stack,d695,small,3d_stack,4,1,14,77,47,8,tight,4.5,pure_serial,Pure serial IEEE 1838,ok,,0.0036202799999999996,1.0,1.0,2.1799999999999997,25.004820884844833,thermal_die1,0.0,0.9964091175268212,I:3;S:11,0,greedy,0.0
m10_small_d695_3d_stack,d695,small,3d_stack,4,1,14,77,47,8,tight,4.5,m4_greedy,M4 greedy recipe scheduling,ok,,0.0012294400000000003,0.339598042140387,2.944657730348776,2.2493999999999996,25.00096835283851,thermal_die2,0.002971728998568453,0.9975598646538262,F:10;I:3;S:1,0,greedy,0.0
m10_small_d695_3d_stack,d695,small,3d_stack,4,1,14,77,47,8,nominal,10.0,pure_serial,Pure serial IEEE 1838,ok,,0.0036202799999999996,1.0,1.0,2.1799999999999997,25.004820884844833,thermal_die1,0.0,0.9964091175268212,I:3;S:11,0,greedy,0.0
m10_small_d695_3d_stack,d695,small,3d_stack,4,1,14,77,47,8,nominal,10.0,m4_greedy,M4 greedy recipe scheduling,ok,,0.0012294400000000003,0.339598042140387,2.944657730348776,2.2493999999999996,25.00096835283851,thermal_die2,0.002971728998568453,0.9975598646538262,F:10;I:3;S:1,0,greedy,0.0
m10_small_d695_3d_stack,d695,small,3d_stack,4,1,14,77,47,8,relaxed,15.0,pure_serial,Pure serial IEEE 1838,ok,,0.0036202799999999996,1.0,1.0,2.1799999999999997,25.004820884844833,thermal_die1,0.0,0.9964091175268212,I:3;S:11,0,greedy,0.0
m10_small_d695_3d_stack,d695,small,3d_stack,4,1,14,77,47,8,relaxed,15.0,m4_greedy,M4 greedy recipe scheduling,ok,,0.0012294400000000003,0.339598042140387,2.944657730348776,2.2493999999999996,25.00096835283851,thermal_die2,0.002971728998568453,0.9975598646538262,F:10;I:3;S:1,0,greedy,0.0
m10_small_d695_3d_stack,d695,small,3d_stack,4,1,14,77,48,16,tight,4.5,pure_serial,Pure serial IEEE 1838,ok,,0.0036202799999999996,1.0,1.0,2.1799999999999997,25.004820884844833,thermal_die1,0.0,0.9964091175268212,I:3;S:11,0,greedy,0.0
m10_small_d695_3d_stack,d695,small,3d_stack,4,1,14,77,48,16,tight,4.5,m4_greedy,M4 greedy recipe scheduling,ok,,0.0012294400000000003,0.339598042140387,2.944657730348776,2.2308999999999997,25.000966987381222,thermal_die2,0.0014858644992842263,0.9975598646538262,F:10;I:3;S:1,0,greedy,0.0
m10_small_d695_3d_stack,d695,small,3d_stack,4,1,14,77,48,16,nominal,10.0,pure_serial,Pure serial IEEE 1838,ok,,0.0036202799999999996,1.0,1.0,2.1799999999999997,25.004820884844833,thermal_die1,0.0,0.9964091175268212,I:3;S:11,0,greedy,0.0
m10_small_d695_3d_stack,d695,small,3d_stack,4,1,14,77,48,16,nominal,10.0,m4_greedy,M4 greedy recipe scheduling,ok,,0.0012294400000000003,0.339598042140387,2.944657730348776,2.2308999999999997,25.000966987381222,thermal_die2,0.0014858644992842263,0.9975598646538262,F:10;I:3;S:1,0,greedy,0.0
m10_small_d695_3d_stack,d695,small,3d_stack,4,1,14,77,48,16,relaxed,15.0,pure_serial,Pure serial IEEE 1838,ok,,0.0036202799999999996,1.0,1.0,2.1799999999999997,25.004820884844833,thermal_die1,0.0,0.9964091175268212,I:3;S:11,0,greedy,0.0
m10_small_d695_3d_stack,d695,small,3d_stack,4,1,14,77,48,16,relaxed,15.0,m4_greedy,M4 greedy recipe scheduling,ok,,0.0012294400000000003,0.339598042140387,2.944657730348776,2.2308999999999997,25.000966987381222,thermal_die2,0.0014858644992842263,0.9975598646538262,F:10;I:3;S:1,0,greedy,0.0
m10_small_d695_5_5d_multi_tower,d695,small,5_5d_multi_tower,4,2,14,57,37,2,tight,4.5,pure_serial,Pure serial IEEE 1838,ok,,0.003650679999999999,1.0,1.0,2.1799999999999997,25.00584342432784,thermal_die0,0.0,0.9964390195799138,I:3;S:11,0,greedy,0.0
m10_small_d695_5_5d_multi_tower,d695,small,5_5d_multi_tower,4,2,14,57,37,2,tight,4.5,m4_greedy,M4 greedy recipe scheduling,ok,,0.0012598400000000004,0.34509735172625394,2.8977330454660892,2.2870999999999997,25.001424769860705,thermal_die0,0.011600084137668274,0.9976187452374902,F:10;I:3;S:1,0,greedy,0.0
m10_small_d695_5_5d_multi_tower,d695,small,5_5d_multi_tower,4,2,14,57,37,2,nominal,10.0,pure_serial,Pure serial IEEE 1838,ok,,0.003650679999999999,1.0,1.0,2.1799999999999997,25.00584342432784,thermal_die0,0.0,0.9964390195799138,I:3;S:11,0,greedy,0.0
m10_small_d695_5_5d_multi_tower,d695,small,5_5d_multi_tower,4,2,14,57,37,2,nominal,10.0,m4_greedy,M4 greedy recipe scheduling,ok,,0.0012598400000000004,0.34509735172625394,2.8977330454660892,2.2870999999999997,25.001424769860705,thermal_die0,0.011600084137668274,0.9976187452374902,F:10;I:3;S:1,0,greedy,0.0
m10_small_d695_5_5d_multi_tower,d695,small,5_5d_multi_tower,4,2,14,57,37,2,relaxed,15.0,pure_serial,Pure serial IEEE 1838,ok,,0.003650679999999999,1.0,1.0,2.1799999999999997,25.00584342432784,thermal_die0,0.0,0.9964390195799138,I:3;S:11,0,greedy,0.0
m10_small_d695_5_5d_multi_tower,d695,small,5_5d_multi_tower,4,2,14,57,37,2,relaxed,15.0,m4_greedy,M4 greedy recipe scheduling,ok,,0.0012598400000000004,0.34509735172625394,2.8977330454660892,2.2870999999999997,25.001424769860705,thermal_die0,0.011600084137668274,0.9976187452374902,F:10;I:3;S:1,0,greedy,0.0
m10_small_d695_5_5d_multi_tower,d695,small,5_5d_multi_tower,4,2,14,77,47,8,tight,4.5,pure_serial,Pure serial IEEE 1838,ok,,0.003650679999999999,1.0,1.0,2.1799999999999997,25.00584342432784,thermal_die0,0.0,0.9964390195799138,I:3;S:11,0,greedy,0.0
m10_small_d695_5_5d_multi_tower,d695,small,5_5d_multi_tower,4,2,14,77,47,8,tight,4.5,m4_greedy,M4 greedy recipe scheduling,ok,,0.0012598400000000004,0.34509735172625394,2.8977330454660892,2.2870999999999997,25.001403867976563,thermal_die0,0.0029000210344170686,0.9976187452374902,F:10;I:3;S:1,0,greedy,0.0
m10_small_d695_5_5d_multi_tower,d695,small,5_5d_multi_tower,4,2,14,77,47,8,nominal,10.0,pure_serial,Pure serial IEEE 1838,ok,,0.003650679999999999,1.0,1.0,2.1799999999999997,25.00584342432784,thermal_die0,0.0,0.9964390195799138,I:3;S:11,0,greedy,0.0
m10_small_d695_5_5d_multi_tower,d695,small,5_5d_multi_tower,4,2,14,77,47,8,nominal,10.0,m4_greedy,M4 greedy recipe scheduling,ok,,0.0012598400000000004,0.34509735172625394,2.8977330454660892,2.2870999999999997,25.001403867976563,thermal_die0,0.0029000210344170686,0.9976187452374902,F:10;I:3;S:1,0,greedy,0.0
m10_small_d695_5_5d_multi_tower,d695,small,5_5d_multi_tower,4,2,14,77,47,8,relaxed,15.0,pure_serial,Pure serial IEEE 1838,ok,,0.003650679999999999,1.0,1.0,2.1799999999999997,25.00584342432784,thermal_die0,0.0,0.9964390195799138,I:3;S:11,0,greedy,0.0
m10_small_d695_5_5d_multi_tower,d695,small,5_5d_multi_tower,4,2,14,77,47,8,relaxed,15.0,m4_greedy,M4 greedy recipe scheduling,ok,,0.0012598400000000004,0.34509735172625394,2.8977330454660892,2.2870999999999997,25.001403867976563,thermal_die0,0.0029000210344170686,0.9976187452374902,F:10;I:3;S:1,0,greedy,0.0
m10_small_d695_5_5d_multi_tower,d695,small,5_5d_multi_tower,4,2,14,77,48,16,tight,4.5,pure_serial,Pure serial IEEE 1838,ok,,0.003650679999999999,1.0,1.0,2.1799999999999997,25.00584342432784,thermal_die0,0.0,0.9964390195799138,I:3;S:11,0,greedy,0.0
m10_small_d695_5_5d_multi_tower,d695,small,5_5d_multi_tower,4,2,14,77,48,16,tight,4.5,m4_greedy,M4 greedy recipe scheduling,ok,,0.0012598400000000004,0.34509735172625394,2.8977330454660892,2.2308999999999997,25.00140038379079,thermal_die0,0.0014500105172085337,0.9976187452374902,F:10;I:3;S:1,0,greedy,0.0
m10_small_d695_5_5d_multi_tower,d695,small,5_5d_multi_tower,4,2,14,77,48,16,nominal,10.0,pure_serial,Pure serial IEEE 1838,ok,,0.003650679999999999,1.0,1.0,2.1799999999999997,25.00584342432784,thermal_die0,0.0,0.9964390195799138,I:3;S:11,0,greedy,0.0
m10_small_d695_5_5d_multi_tower,d695,small,5_5d_multi_tower,4,2,14,77,48,16,nominal,10.0,m4_greedy,M4 greedy recipe scheduling,ok,,0.0012598400000000004,0.34509735172625394,2.8977330454660892,2.2308999999999997,25.00140038379079,thermal_die0,0.0014500105172085337,0.9976187452374902,F:10;I:3;S:1,0,greedy,0.0
m10_small_d695_5_5d_multi_tower,d695,small,5_5d_multi_tower,4,2,14,77,48,16,relaxed,15.0,pure_serial,Pure serial IEEE 1838,ok,,0.003650679999999999,1.0,1.0,2.1799999999999997,25.00584342432784,thermal_die0,0.0,0.9964390195799138,I:3;S:11,0,greedy,0.0
m10_small_d695_5_5d_multi_tower,d695,small,5_5d_multi_tower,4,2,14,77,48,16,relaxed,15.0,m4_greedy,M4 greedy recipe scheduling,ok,,0.0012598400000000004,0.34509735172625394,2.8977330454660892,2.2308999999999997,25.00140038379079,thermal_die0,0.0014500105172085337,0.9976187452374902,F:10;I:3;S:1,0,greedy,0.0
m10_xlarge_p93791_2_5d_interposer,p93791,xlarge,2_5d_interposer,12,1,36,136,84,2,tight,6.3,pure_serial,Pure serial IEEE 1838,ok,,0.17553611999999993,1.0,1.0,2.1799999999999997,25.13229841186787,thermal_die8,0.0,0.999800610837245,I:11;S:25,0,greedy,0.0
m10_xlarge_p93791_2_5d_interposer,p93791,xlarge,2_5d_interposer,12,1,36,136,84,2,tight,6.3,m4_greedy,M4 greedy recipe scheduling,ok,,0.0052732530624999985,0.03004084323215074,33.288013664335686,2.2659,25.008799860321307,thermal_die0,0.025204964501928828,0.9974184697114559,F:24;I:11;S:1,0,greedy,0.0
m10_xlarge_p93791_2_5d_interposer,p93791,xlarge,2_5d_interposer,12,1,36,136,84,2,nominal,14.0,pure_serial,Pure serial IEEE 1838,ok,,0.17553611999999993,1.0,1.0,2.1799999999999997,25.13229841186787,thermal_die8,0.0,0.999800610837245,I:11;S:25,0,greedy,0.0
m10_xlarge_p93791_2_5d_interposer,p93791,xlarge,2_5d_interposer,12,1,36,136,84,2,nominal,14.0,m4_greedy,M4 greedy recipe scheduling,ok,,0.0052732530624999985,0.03004084323215074,33.288013664335686,2.2659,25.008799860321307,thermal_die0,0.025204964501928828,0.9974184697114559,F:24;I:11;S:1,0,greedy,0.0
m10_xlarge_p93791_2_5d_interposer,p93791,xlarge,2_5d_interposer,12,1,36,136,84,2,relaxed,21.0,pure_serial,Pure serial IEEE 1838,ok,,0.17553611999999993,1.0,1.0,2.1799999999999997,25.13229841186787,thermal_die8,0.0,0.999800610837245,I:11;S:25,0,greedy,0.0
m10_xlarge_p93791_2_5d_interposer,p93791,xlarge,2_5d_interposer,12,1,36,136,84,2,relaxed,21.0,m4_greedy,M4 greedy recipe scheduling,ok,,0.0052732530624999985,0.03004084323215074,33.288013664335686,2.2659,25.008799860321307,thermal_die0,0.025204964501928828,0.9974184697114559,F:24;I:11;S:1,0,greedy,0.0
m10_xlarge_p93791_2_5d_interposer,p93791,xlarge,2_5d_interposer,12,1,36,184,108,8,tight,6.3,pure_serial,Pure serial IEEE 1838,ok,,0.17553611999999993,1.0,1.0,2.1799999999999997,25.13229841186787,thermal_die8,0.0,0.999800610837245,I:11;S:25,0,greedy,0.0
m10_xlarge_p93791_2_5d_interposer,p93791,xlarge,2_5d_interposer,12,1,36,184,108,8,tight,6.3,m4_greedy,M4 greedy recipe scheduling,ok,,0.005270639999999998,0.030025957050890725,33.30451709849278,2.2659,25.008779051112572,thermal_die0,0.006304365136397099,0.9979129669262176,F:24;I:11;S:1,0,greedy,0.0
m10_xlarge_p93791_2_5d_interposer,p93791,xlarge,2_5d_interposer,12,1,36,184,108,8,nominal,14.0,pure_serial,Pure serial IEEE 1838,ok,,0.17553611999999993,1.0,1.0,2.1799999999999997,25.13229841186787,thermal_die8,0.0,0.999800610837245,I:11;S:25,0,greedy,0.0
m10_xlarge_p93791_2_5d_interposer,p93791,xlarge,2_5d_interposer,12,1,36,184,108,8,nominal,14.0,m4_greedy,M4 greedy recipe scheduling,ok,,0.005270639999999998,0.030025957050890725,33.30451709849278,2.2659,25.008779051112572,thermal_die0,0.006304365136397099,0.9979129669262176,F:24;I:11;S:1,0,greedy,0.0
m10_xlarge_p93791_2_5d_interposer,p93791,xlarge,2_5d_interposer,12,1,36,184,108,8,relaxed,21.0,pure_serial,Pure serial IEEE 1838,ok,,0.17553611999999993,1.0,1.0,2.1799999999999997,25.13229841186787,thermal_die8,0.0,0.999800610837245,I:11;S:25,0,greedy,0.0
m10_xlarge_p93791_2_5d_interposer,p93791,xlarge,2_5d_interposer,12,1,36,184,108,8,relaxed,21.0,m4_greedy,M4 greedy recipe scheduling,ok,,0.005270639999999998,0.030025957050890725,33.30451709849278,2.2659,25.008779051112572,thermal_die0,0.006304365136397099,0.9979129669262176,F:24;I:11;S:1,0,greedy,0.0
m10_xlarge_p93791_2_5d_interposer,p93791,xlarge,2_5d_interposer,12,1,36,184,115,16,tight,6.3,pure_serial,Pure serial IEEE 1838,ok,,0.17553611999999993,1.0,1.0,2.1799999999999997,25.13229841186787,thermal_die8,0.0,0.999800610837245,I:11;S:25,0,greedy,0.0
m10_xlarge_p93791_2_5d_interposer,p93791,xlarge,2_5d_interposer,12,1,36,184,115,16,tight,6.3,m4_greedy,M4 greedy recipe scheduling,ok,,0.005270639999999998,0.030025957050890725,33.30451709849278,2.2301999999999995,25.008775647789925,thermal_die0,0.0031521825681985506,0.9979129669262176,F:24;I:11;S:1,0,greedy,0.0
m10_xlarge_p93791_2_5d_interposer,p93791,xlarge,2_5d_interposer,12,1,36,184,115,16,nominal,14.0,pure_serial,Pure serial IEEE 1838,ok,,0.17553611999999993,1.0,1.0,2.1799999999999997,25.13229841186787,thermal_die8,0.0,0.999800610837245,I:11;S:25,0,greedy,0.0
m10_xlarge_p93791_2_5d_interposer,p93791,xlarge,2_5d_interposer,12,1,36,184,115,16,nominal,14.0,m4_greedy,M4 greedy recipe scheduling,ok,,0.005270639999999998,0.030025957050890725,33.30451709849278,2.2301999999999995,25.008775647789925,thermal_die0,0.0031521825681985506,0.9979129669262176,F:24;I:11;S:1,0,greedy,0.0
m10_xlarge_p93791_2_5d_interposer,p93791,xlarge,2_5d_interposer,12,1,36,184,115,16,relaxed,21.0,pure_serial,Pure serial IEEE 1838,ok,,0.17553611999999993,1.0,1.0,2.1799999999999997,25.13229841186787,thermal_die8,0.0,0.999800610837245,I:11;S:25,0,greedy,0.0
m10_xlarge_p93791_2_5d_interposer,p93791,xlarge,2_5d_interposer,12,1,36,184,115,16,relaxed,21.0,m4_greedy,M4 greedy recipe scheduling,ok,,0.005270639999999998,0.030025957050890725,33.30451709849278,2.2301999999999995,25.008775647789925,thermal_die0,0.0031521825681985506,0.9979129669262176,F:24;I:11;S:1,0,greedy,0.0
m10_xlarge_p93791_3d_stack,p93791,xlarge,3d_stack,12,1,36,136,84,2,tight,6.3,pure_serial,Pure serial IEEE 1838,ok,,0.17668523999999985,1.0,1.0,2.1799999999999997,25.152052567151976,thermal_die8,0.0,0.9998019076183157,I:11;S:25,0,greedy,0.0
m10_xlarge_p93791_3d_stack,p93791,xlarge,3d_stack,12,1,36,136,84,2,tight,6.3,m4_greedy,M4 greedy recipe scheduling,ok,,0.006617280250000001,0.03745236585693296,26.70058291697708,3.5585999999999998,25.00486594520062,thermal_die11,0.15785167176499737,0.9708943489283228,B:2;F:22;I:11;S:1,0,greedy,0.0
m10_xlarge_p93791_3d_stack,p93791,xlarge,3d_stack,12,1,36,136,84,2,nominal,14.0,pure_serial,Pure serial IEEE 1838,ok,,0.17668523999999985,1.0,1.0,2.1799999999999997,25.152052567151976,thermal_die8,0.0,0.9998019076183157,I:11;S:25,0,greedy,0.0
m10_xlarge_p93791_3d_stack,p93791,xlarge,3d_stack,12,1,36,136,84,2,nominal,14.0,m4_greedy,M4 greedy recipe scheduling,ok,,0.006617280250000001,0.03745236585693296,26.70058291697708,3.5585999999999998,25.00486594520062,thermal_die11,0.15785167176499737,0.9708943489283228,B:2;F:22;I:11;S:1,0,greedy,0.0
m10_xlarge_p93791_3d_stack,p93791,xlarge,3d_stack,12,1,36,136,84,2,relaxed,21.0,pure_serial,Pure serial IEEE 1838,ok,,0.17668523999999985,1.0,1.0,2.1799999999999997,25.152052567151976,thermal_die8,0.0,0.9998019076183157,I:11;S:25,0,greedy,0.0
m10_xlarge_p93791_3d_stack,p93791,xlarge,3d_stack,12,1,36,136,84,2,relaxed,21.0,m4_greedy,M4 greedy recipe scheduling,ok,,0.006617280250000001,0.03745236585693296,26.70058291697708,3.5585999999999998,25.00486594520062,thermal_die11,0.15785167176499737,0.9708943489283228,B:2;F:22;I:11;S:1,0,greedy,0.0
m10_xlarge_p93791_3d_stack,p93791,xlarge,3d_stack,12,1,36,184,108,8,tight,6.3,pure_serial,Pure serial IEEE 1838,ok,,0.17668523999999985,1.0,1.0,2.1799999999999997,25.152052567151976,thermal_die8,0.0,0.9998019076183157,I:11;S:25,0,greedy,0.0
m10_xlarge_p93791_3d_stack,p93791,xlarge,3d_stack,12,1,36,184,108,8,tight,6.3,m4_greedy,M4 greedy recipe scheduling,ok,,0.006419981124999999,0.03633569575477841,27.52114633358831,2.2621999999999995,25.00332157593242,thermal_die10,0.04140577788692486,0.9982521560762376,F:24;I:11;S:1,0,greedy,0.0
m10_xlarge_p93791_3d_stack,p93791,xlarge,3d_stack,12,1,36,184,108,8,nominal,14.0,pure_serial,Pure serial IEEE 1838,ok,,0.17668523999999985,1.0,1.0,2.1799999999999997,25.152052567151976,thermal_die8,0.0,0.9998019076183157,I:11;S:25,0,greedy,0.0
m10_xlarge_p93791_3d_stack,p93791,xlarge,3d_stack,12,1,36,184,108,8,nominal,14.0,m4_greedy,M4 greedy recipe scheduling,ok,,0.006419981124999999,0.03633569575477841,27.52114633358831,2.2621999999999995,25.00332157593242,thermal_die10,0.04140577788692486,0.9982521560762376,F:24;I:11;S:1,0,greedy,0.0
m10_xlarge_p93791_3d_stack,p93791,xlarge,3d_stack,12,1,36,184,108,8,relaxed,21.0,pure_serial,Pure serial IEEE 1838,ok,,0.17668523999999985,1.0,1.0,2.1799999999999997,25.152052567151976,thermal_die8,0.0,0.9998019076183157,I:11;S:25,0,greedy,0.0
m10_xlarge_p93791_3d_stack,p93791,xlarge,3d_stack,12,1,36,184,108,8,relaxed,21.0,m4_greedy,M4 greedy recipe scheduling,ok,,0.006419981124999999,0.03633569575477841,27.52114633358831,2.2621999999999995,25.00332157593242,thermal_die10,0.04140577788692486,0.9982521560762376,F:24;I:11;S:1,0,greedy,0.0
m10_xlarge_p93791_3d_stack,p93791,xlarge,3d_stack,12,1,36,184,124,16,tight,6.3,pure_serial,Pure serial IEEE 1838,ok,,0.17668523999999985,1.0,1.0,2.1799999999999997,25.152052567151976,thermal_die8,0.0,0.9998019076183157,I:11;S:25,0,greedy,0.0
m10_xlarge_p93791_3d_stack,p93791,xlarge,3d_stack,12,1,36,184,124,16,tight,6.3,m4_greedy,M4 greedy recipe scheduling,ok,,0.006419759999999999,0.036334444235409845,27.522094283898443,2.4313000000000002,25.003214774323475,thermal_die10,0.02070360204275549,0.9982865403068026,F:24;I:11;S:1,0,greedy,0.0
m10_xlarge_p93791_3d_stack,p93791,xlarge,3d_stack,12,1,36,184,124,16,nominal,14.0,pure_serial,Pure serial IEEE 1838,ok,,0.17668523999999985,1.0,1.0,2.1799999999999997,25.152052567151976,thermal_die8,0.0,0.9998019076183157,I:11;S:25,0,greedy,0.0
m10_xlarge_p93791_3d_stack,p93791,xlarge,3d_stack,12,1,36,184,124,16,nominal,14.0,m4_greedy,M4 greedy recipe scheduling,ok,,0.006419759999999999,0.036334444235409845,27.522094283898443,2.4313000000000002,25.003214774323475,thermal_die10,0.02070360204275549,0.9982865403068026,F:24;I:11;S:1,0,greedy,0.0
m10_xlarge_p93791_3d_stack,p93791,xlarge,3d_stack,12,1,36,184,124,16,relaxed,21.0,pure_serial,Pure serial IEEE 1838,ok,,0.17668523999999985,1.0,1.0,2.1799999999999997,25.152052567151976,thermal_die8,0.0,0.9998019076183157,I:11;S:25,0,greedy,0.0
m10_xlarge_p93791_3d_stack,p93791,xlarge,3d_stack,12,1,36,184,124,16,relaxed,21.0,m4_greedy,M4 greedy recipe scheduling,ok,,0.006419759999999999,0.036334444235409845,27.522094283898443,2.4313000000000002,25.003214774323475,thermal_die10,0.02070360204275549,0.9982865403068026,F:24;I:11;S:1,0,greedy,0.0
m10_xlarge_p93791_5_5d_multi_tower,p93791,xlarge,5_5d_multi_tower,12,6,36,136,84,2,tight,6.3,pure_serial,Pure serial IEEE 1838,ok,,0.17504524000000007,1.0,1.0,2.1799999999999997,25.136418138864432,thermal_die8,0.0,0.9998000516894943,I:11;S:25,0,greedy,0.0
m10_xlarge_p93791_5_5d_multi_tower,p93791,xlarge,5_5d_multi_tower,12,6,36,136,84,2,tight,6.3,m4_greedy,M4 greedy recipe scheduling,ok,,0.0054878137500000024,0.0313508310765834,31.897081055274516,2.2620999999999998,25.003001502719115,thermal_die11,0.19157660917337072,0.9823657007310057,B:1;F:22;I:11;S:2,0,greedy,0.0
m10_xlarge_p93791_5_5d_multi_tower,p93791,xlarge,5_5d_multi_tower,12,6,36,136,84,2,nominal,14.0,pure_serial,Pure serial IEEE 1838,ok,,0.17504524000000007,1.0,1.0,2.1799999999999997,25.136418138864432,thermal_die8,0.0,0.9998000516894943,I:11;S:25,0,greedy,0.0
m10_xlarge_p93791_5_5d_multi_tower,p93791,xlarge,5_5d_multi_tower,12,6,36,136,84,2,nominal,14.0,m4_greedy,M4 greedy recipe scheduling,ok,,0.0054878137500000024,0.0313508310765834,31.897081055274516,2.2620999999999998,25.003001502719115,thermal_die11,0.19157660917337072,0.9823657007310057,B:1;F:22;I:11;S:2,0,greedy,0.0
m10_xlarge_p93791_5_5d_multi_tower,p93791,xlarge,5_5d_multi_tower,12,6,36,136,84,2,relaxed,21.0,pure_serial,Pure serial IEEE 1838,ok,,0.17504524000000007,1.0,1.0,2.1799999999999997,25.136418138864432,thermal_die8,0.0,0.9998000516894943,I:11;S:25,0,greedy,0.0
m10_xlarge_p93791_5_5d_multi_tower,p93791,xlarge,5_5d_multi_tower,12,6,36,136,84,2,relaxed,21.0,m4_greedy,M4 greedy recipe scheduling,ok,,0.0054878137500000024,0.0313508310765834,31.897081055274516,2.2620999999999998,25.003001502719115,thermal_die11,0.19157660917337072,0.9823657007310057,B:1;F:22;I:11;S:2,0,greedy,0.0
m10_xlarge_p93791_5_5d_multi_tower,p93791,xlarge,5_5d_multi_tower,12,6,36,184,108,8,tight,6.3,pure_serial,Pure serial IEEE 1838,ok,,0.17504524000000007,1.0,1.0,2.1799999999999997,25.136418138864432,thermal_die8,0.0,0.9998000516894943,I:11;S:25,0,greedy,0.0
m10_xlarge_p93791_5_5d_multi_tower,p93791,xlarge,5_5d_multi_tower,12,6,36,184,108,8,tight,6.3,m4_greedy,M4 greedy recipe scheduling,ok,,0.004816651812500001,0.027516611205766,36.341684392824284,2.2621999999999995,25.00188080679085,thermal_die8,0.055188608778019274,0.9900570324855713,F:24;I:11;S:1,0,greedy,0.0
m10_xlarge_p93791_5_5d_multi_tower,p93791,xlarge,5_5d_multi_tower,12,6,36,184,108,8,nominal,14.0,pure_serial,Pure serial IEEE 1838,ok,,0.17504524000000007,1.0,1.0,2.1799999999999997,25.136418138864432,thermal_die8,0.0,0.9998000516894943,I:11;S:25,0,greedy,0.0
m10_xlarge_p93791_5_5d_multi_tower,p93791,xlarge,5_5d_multi_tower,12,6,36,184,108,8,nominal,14.0,m4_greedy,M4 greedy recipe scheduling,ok,,0.004816651812500001,0.027516611205766,36.341684392824284,2.2621999999999995,25.00188080679085,thermal_die8,0.055188608778019274,0.9900570324855713,F:24;I:11;S:1,0,greedy,0.0
m10_xlarge_p93791_5_5d_multi_tower,p93791,xlarge,5_5d_multi_tower,12,6,36,184,108,8,relaxed,21.0,pure_serial,Pure serial IEEE 1838,ok,,0.17504524000000007,1.0,1.0,2.1799999999999997,25.136418138864432,thermal_die8,0.0,0.9998000516894943,I:11;S:25,0,greedy,0.0
m10_xlarge_p93791_5_5d_multi_tower,p93791,xlarge,5_5d_multi_tower,12,6,36,184,108,8,relaxed,21.0,m4_greedy,M4 greedy recipe scheduling,ok,,0.004816651812500001,0.027516611205766,36.341684392824284,2.2621999999999995,25.00188080679085,thermal_die8,0.055188608778019274,0.9900570324855713,F:24;I:11;S:1,0,greedy,0.0
m10_xlarge_p93791_5_5d_multi_tower,p93791,xlarge,5_5d_multi_tower,12,6,36,184,124,16,tight,6.3,pure_serial,Pure serial IEEE 1838,ok,,0.17504524000000007,1.0,1.0,2.1799999999999997,25.136418138864432,thermal_die8,0.0,0.9998000516894943,I:11;S:25,0,greedy,0.0
m10_xlarge_p93791_5_5d_multi_tower,p93791,xlarge,5_5d_multi_tower,12,6,36,184,124,16,tight,6.3,m4_greedy,M4 greedy recipe scheduling,ok,,0.00477976,0.0273058553320273,36.62218186687199,2.3853,25.001730729150488,thermal_die8,0.027807286610624808,0.9976986292198771,F:24;I:11;S:1,0,greedy,0.0
m10_xlarge_p93791_5_5d_multi_tower,p93791,xlarge,5_5d_multi_tower,12,6,36,184,124,16,nominal,14.0,pure_serial,Pure serial IEEE 1838,ok,,0.17504524000000007,1.0,1.0,2.1799999999999997,25.136418138864432,thermal_die8,0.0,0.9998000516894943,I:11;S:25,0,greedy,0.0
m10_xlarge_p93791_5_5d_multi_tower,p93791,xlarge,5_5d_multi_tower,12,6,36,184,124,16,nominal,14.0,m4_greedy,M4 greedy recipe scheduling,ok,,0.00477976,0.0273058553320273,36.62218186687199,2.3853,25.001730729150488,thermal_die8,0.027807286610624808,0.9976986292198771,F:24;I:11;S:1,0,greedy,0.0
m10_xlarge_p93791_5_5d_multi_tower,p93791,xlarge,5_5d_multi_tower,12,6,36,184,124,16,relaxed,21.0,pure_serial,Pure serial IEEE 1838,ok,,0.17504524000000007,1.0,1.0,2.1799999999999997,25.136418138864432,thermal_die8,0.0,0.9998000516894943,I:11;S:25,0,greedy,0.0
m10_xlarge_p93791_5_5d_multi_tower,p93791,xlarge,5_5d_multi_tower,12,6,36,184,124,16,relaxed,21.0,m4_greedy,M4 greedy recipe scheduling,ok,,0.00477976,0.0273058553320273,36.62218186687199,2.3853,25.001730729150488,thermal_die8,0.027807286610624808,0.9976986292198771,F:24;I:11;S:1,0,greedy,0.0
