schedule_id,time_s,thermal_region,die_id,temperature_c,active_power_w,coupled_power_w
pure_serial,0.0,thermal_die0,die0,25.0,0.0,0.0
pure_serial,0.0,thermal_die1,die1,25.0,0.0,0.0
pure_serial,0.0,thermal_die2,die2,25.0,0.0,0.0
pure_serial,0.0,thermal_die3,die3,25.0,0.0,0.0
pure_serial,3.2e-06,thermal_die0,die0,25.000000609767923,0.0,0.0343
pure_serial,3.2e-06,thermal_die1,die1,25.000002488853205,0.14,0.0
pure_serial,3.2e-06,thermal_die2,die2,25.00000065332504,0.0,0.03675
pure_serial,3.2e-06,thermal_die3,die3,25.0,0.0,0.0
pure_serial,4.839999999999999e-06,thermal_die0,die0,25.000000922266345,0.0,0.0343
pure_serial,4.839999999999999e-06,thermal_die1,die1,25.000003764362813,0.14,0.0
pure_serial,4.839999999999999e-06,thermal_die2,die2,25.00000098814769,0.0,0.03675
pure_serial,4.839999999999999e-06,thermal_die3,die3,25.0,0.0,0.0
pure_serial,0.00960484,thermal_die0,die0,25.01482005252753,0.0,0.29155
pure_serial,0.00960484,thermal_die1,die1,25.060816989294345,1.19,0.0
pure_serial,0.00960484,thermal_die2,die2,25.01604206510894,0.0,0.31237499999999996
pure_serial,0.00960484,thermal_die3,die3,25.0,0.0,0.0
pure_serial,0.00960584,thermal_die0,die0,25.014822951704275,0.0,0.5488
pure_serial,0.00960584,thermal_die1,die1,25.060828888730377,2.24,0.0
pure_serial,0.00960584,thermal_die2,die2,25.016045204445174,0.0,0.588
pure_serial,0.00960584,thermal_die3,die3,25.0,0.0,0.0
pure_serial,0.01921672,thermal_die0,die0,25.028286796689102,0.0,0.29155
pure_serial,0.01921672,thermal_die1,die1,25.116689127961553,1.19,0.0
pure_serial,0.01921672,thermal_die2,die2,25.030925484318445,0.0,0.31237499999999996
pure_serial,0.01921672,thermal_die3,die3,25.0,0.0,0.0
pure_serial,0.01921864,thermal_die0,die0,25.02828752808959,0.12,0.0
pure_serial,0.01921864,thermal_die1,die1,25.116687434021234,0.0,0.029399999999999996
pure_serial,0.01921864,thermal_die2,die2,25.03092501307656,0.0,0.0
pure_serial,0.01921864,thermal_die3,die3,25.0,0.0,0.0
pure_serial,0.019219959999999998,thermal_die0,die0,25.028288030919196,0.12,0.0
pure_serial,0.019219959999999998,thermal_die1,die1,25.11668626945417,0.0,0.029399999999999996
pure_serial,0.019219959999999998,thermal_die2,die2,25.030924689101926,0.0,0.0
pure_serial,0.019219959999999998,thermal_die3,die3,25.0,0.0,0.0
pure_serial,0.025363959999999998,thermal_die0,die0,25.05868869337378,0.97,0.0
pure_serial,0.025363959999999998,thermal_die1,die1,25.11832841981916,0.0,0.23764999999999997
pure_serial,0.025363959999999998,thermal_die2,die2,25.029452917169206,0.0,0.0
pure_serial,0.025363959999999998,thermal_die3,die3,25.0,0.0,0.0
pure_serial,0.02536496,thermal_die0,die0,25.058698767174487,1.92,0.0
pure_serial,0.02536496,thermal_die1,die1,25.118329972855037,0.0,0.47039999999999993
pure_serial,0.02536496,thermal_die2,die2,25.02945268341682,0.0,0.0
pure_serial,0.02536496,thermal_die3,die3,25.0,0.0,0.0
pure_serial,0.03151408,thermal_die0,die0,25.08729256891583,0.97,0.0
pure_serial,0.03151408,thermal_die1,die1,25.119885336771297,0.0,0.23764999999999997
pure_serial,0.03151408,thermal_die2,die2,25.02804982754953,0.0,0.0
pure_serial,0.03151408,thermal_die3,die3,25.0,0.0,0.0
pure_serial,0.03151984,thermal_die0,die0,25.087287490223204,0.0,0.0
pure_serial,0.03151984,thermal_die1,die1,25.11987914930069,0.0,0.0
pure_serial,0.03151984,thermal_die2,die2,25.02804997886824,0.0,0.0448
pure_serial,0.03151984,thermal_die3,die3,25.0000051198976,0.16,0.0
pure_serial,0.03152116,thermal_die0,die0,25.08728632639776,0.0,0.0
pure_serial,0.03152116,thermal_die1,die1,25.119877731383653,0.0,0.0
pure_serial,0.03152116,thermal_die2,die2,25.02805001354447,0.0,0.0448
pure_serial,0.03152116,thermal_die3,die3,25.000006293178625,0.16,0.0
pure_serial,0.045345159999999995,thermal_die0,die0,25.075910685558977,0.0,0.0
pure_serial,0.045345159999999995,thermal_die1,die1,25.10591123635942,0.0,0.0
pure_serial,0.045345159999999995,thermal_die2,die2,25.052833556548592,0.0,0.3807999999999999
pure_serial,0.045345159999999995,thermal_die3,die3,25.099596867643577,1.3599999999999999,0.0
pure_serial,0.045346159999999996,thermal_die0,die0,25.07590991878825,0.0,0.0
pure_serial,0.045346159999999996,thermal_die1,die1,25.105910287338258,0.0,0.0
pure_serial,0.045346159999999996,thermal_die2,die2,25.05283743055261,0.0,0.7727999999999999
pure_serial,0.045346159999999996,thermal_die3,die3,25.099611509281157,2.7600000000000002,0.0
pure_serial,0.059176559999999996,thermal_die0,die0,25.066012647211434,0.0,0.0
pure_serial,0.059176559999999996,thermal_die1,die1,25.093565719756374,0.0,0.0
pure_serial,0.059176559999999996,thermal_die2,die2,25.07505504362375,0.0,0.3807999999999999
pure_serial,0.059176559999999996,thermal_die3,die3,25.190124528748775,1.3599999999999999,0.0
pure_serial,0.05918104,thermal_die0,die0,25.066009660040038,0.0,0.0
pure_serial,0.05918104,thermal_die1,die1,25.093562617108752,0.0,0.026249999999999996
pure_serial,0.05918104,thermal_die2,die2,25.07505486389206,0.1,0.0
pure_serial,0.05918104,thermal_die3,die3,25.190119310733493,0.0,0.027999999999999997
pure_serial,0.059182679999999994,thermal_die0,die0,25.066008566555738,0.0,0.0
pure_serial,0.059182679999999994,thermal_die1,die1,25.093561481349248,0.0,0.026249999999999996
pure_serial,0.059182679999999994,thermal_die2,die2,25.07505479809902,0.1,0.0
pure_serial,0.059182679999999994,thermal_die3,die3,25.190117400607775,0.0,0.027999999999999997
pure_serial,0.061230679999999996,thermal_die0,die0,25.064657083183263,0.0,0.0
pure_serial,0.061230679999999996,thermal_die1,die1,25.094227712344487,0.0,0.20999999999999994
pure_serial,0.061230679999999996,thermal_die2,die2,25.082873368485654,0.7999999999999999,0.0
pure_serial,0.061230679999999996,thermal_die3,die3,25.18996322983443,0.0,0.22399999999999995
pure_serial,0.06123168,thermal_die0,die0,25.06465643008471,0.0,0.0
pure_serial,0.06123168,thermal_die1,die1,25.094229347169488,0.0,0.44625
pure_serial,0.06123168,thermal_die2,die2,25.082882155170083,1.7000000000000002,0.0
pure_serial,0.06123168,thermal_die3,die3,25.189964555085176,0.0,0.476
pure_serial,0.06329184,thermal_die0,die0,25.063324852285,0.0,0.0
pure_serial,0.06329184,thermal_die1,die1,25.094887281666104,0.0,0.20999999999999994
pure_serial,0.06329184,thermal_die2,die2,25.090619829422238,0.7999999999999999,0.0
pure_serial,0.06329184,thermal_die3,die3,25.18981164659725,0.0,0.22399999999999995
pure_serial,0.06329632,thermal_die0,die0,25.06332198674036,0.0,0.0
pure_serial,0.06329632,thermal_die1,die1,25.09488347264738,0.0,0.0
pure_serial,0.06329632,thermal_die2,die2,25.090616607441138,0.0,0.0
pure_serial,0.06329632,thermal_die3,die3,25.18980574143788,0.0,0.0
pure_serial,0.06329796,thermal_die0,die0,25.063320937778762,0.0,0.0
pure_serial,0.06329796,thermal_die1,die1,25.094882078312686,0.0,0.0
pure_serial,0.06329796,thermal_die2,die2,25.090615427994557,0.0,0.0
pure_serial,0.06329796,thermal_die3,die3,25.189803579773688,0.0,0.0
pure_serial,0.06337988,thermal_die0,die0,25.063268562974166,0.0,0.0
pure_serial,0.06337988,thermal_die1,die1,25.094872167077547,0.0,0.13124999999999998
pure_serial,0.06337988,thermal_die2,die2,25.090784014328637,0.5,0.0
pure_serial,0.06337988,thermal_die3,die3,25.189759330769217,0.0,0.13999999999999999
pure_serial,0.06338088,thermal_die0,die0,25.063267923900998,0.0,0.0
pure_serial,0.06338088,thermal_die1,die1,25.09487204613573,0.0,0.13124999999999998
pure_serial,0.06338088,thermal_die2,die2,25.090786071590202,0.5,0.0
pure_serial,0.06338088,thermal_die3,die3,25.189758790775738,0.0,0.13999999999999999
pure_serial,0.06347432,thermal_die0,die0,25.0632082373776,0.0,0.0
pure_serial,0.06347432,thermal_die1,die1,25.094860750112726,0.0,0.13124999999999998
pure_serial,0.06347432,thermal_die2,die2,25.09097823008795,0.5,0.0
pure_serial,0.06347432,thermal_die3,die3,25.189708350327283,0.0,0.13999999999999999
pure_serial,0.06347752,thermal_die0,die0,25.06320619431608,0.0,0.0
pure_serial,0.06347752,thermal_die1,die1,25.094858030130215,0.0,0.0
pure_serial,0.06347752,thermal_die2,die2,25.090975919559064,0.0,0.0
pure_serial,0.06347752,thermal_die3,die3,25.189704134633008,0.0,0.0
pure_serial,0.06347915999999999,thermal_die0,die0,25.063205147272644,0.0,0.0
pure_serial,0.06347915999999999,thermal_die1,die1,25.094856636169407,0.0,0.0
pure_serial,0.06347915999999999,thermal_die2,die2,25.090974735435754,0.0,0.0
pure_serial,0.06347915999999999,thermal_die3,die3,25.189701974126,0.0,0.0
pure_serial,0.06356107999999999,thermal_die0,die0,25.063203023488175,0.0,0.11024999999999999
pure_serial,0.06356107999999999,thermal_die1,die1,25.09499175703981,0.45,0.0
pure_serial,0.06356107999999999,thermal_die2,die2,25.09096934916844,0.0,0.11812499999999998
pure_serial,0.06356107999999999,thermal_die3,die3,25.189594085471956,0.0,0.0
pure_serial,0.06356207999999999,thermal_die0,die0,25.063202997573928,0.0,0.11024999999999999
pure_serial,0.06356207999999999,thermal_die1,die1,25.094993405851806,0.45,0.0
pure_serial,0.06356207999999999,thermal_die2,die2,25.090969283439737,0.0,0.11812499999999998
pure_serial,0.06356207999999999,thermal_die3,die3,25.189592768850936,0.0,0.0
pure_serial,0.06365423999999999,thermal_die0,die0,25.063200610440187,0.0,0.11024999999999999
pure_serial,0.06365423999999999,thermal_die1,die1,25.095145296959434,0.45,0.0
pure_serial,0.06365423999999999,thermal_die2,die2,25.090963228121492,0.0,0.11812499999999998
pure_serial,0.06365423999999999,thermal_die3,die3,25.18947146829919,0.0,0.0
pure_serial,0.06365999999999998,thermal_die0,die0,25.06319693342073,0.0,0.0
pure_serial,0.06365999999999998,thermal_die1,die1,25.095140386361155,0.0,0.0
pure_serial,0.06365999999999998,thermal_die2,die2,25.090959069897536,0.0,0.0
pure_serial,0.06365999999999998,thermal_die3,die3,25.189463889592034,0.0,0.0
pure_serial,0.06366163999999998,thermal_die0,die0,25.063195886530707,0.0,0.0
pure_serial,0.06366163999999998,thermal_die1,die1,25.095138988251055,0.0,0.0
pure_serial,0.06366163999999998,thermal_die2,die2,25.09095788599354,0.0,0.0
pure_serial,0.06366163999999998,thermal_die3,die3,25.189461731821133,0.0,0.0
pure_serial,0.06374355999999998,thermal_die0,die0,25.06314361516006,0.0,0.0
pure_serial,0.06374355999999998,thermal_die1,die1,25.095069177085264,0.0,0.0
pure_serial,0.06374355999999998,thermal_die2,die2,25.090968832482133,0.0,0.154
pure_serial,0.06374355999999998,thermal_die3,die3,25.189604219724405,0.55,0.0
pure_serial,0.06374455999999998,thermal_die0,die0,25.06314297734899,0.0,0.0
pure_serial,0.06374455999999998,thermal_die1,die1,25.095068325214733,0.0,0.0
pure_serial,0.06374455999999998,thermal_die2,die2,25.0909689660623,0.0,0.154
pure_serial,0.06374455999999998,thermal_die3,die3,25.189605958577953,0.55,0.0
pure_serial,0.06383927999999998,thermal_die0,die0,25.06308259308071,0.0,0.0
pure_serial,0.06383927999999998,thermal_die1,die1,25.09498767063209,0.0,0.0
pure_serial,0.06383927999999998,thermal_die2,die2,25.09098161397067,0.0,0.154
pure_serial,0.06383927999999998,thermal_die3,die3,25.18977060805677,0.55,0.0
pure_serial,0.06384247999999998,thermal_die0,die0,25.06308077185461,0.0,0.012249999999999999
pure_serial,0.06384247999999998,thermal_die1,die1,25.094985835886476,0.05,0.0
pure_serial,0.06384247999999998,thermal_die2,die2,25.090979536686216,0.0,0.013124999999999998
pure_serial,0.06384247999999998,thermal_die3,die3,25.189766390979003,0.0,0.0
pure_serial,0.06384279999999998,thermal_die0,die0,25.06308058973524,0.0,0.012249999999999999
pure_serial,0.06384279999999998,thermal_die1,die1,25.09498565241481,0.05,0.0
pure_serial,0.06384279999999998,thermal_die2,die2,25.09097932896067,0.0,0.013124999999999998
pure_serial,0.06384279999999998,thermal_die3,die3,25.18976596927638,0.0,0.0
pure_serial,0.06384343999999997,thermal_die0,die0,25.06308022549826,0.0,0.012249999999999999
pure_serial,0.06384343999999997,thermal_die1,die1,25.09498528547305,0.05,0.0
pure_serial,0.06384343999999997,thermal_die2,die2,25.090978913511165,0.0,0.013124999999999998
pure_serial,0.06384343999999997,thermal_die3,die3,25.189765125873947,0.0,0.0
fixed_fastest,0.0,thermal_die0,die0,25.0,0.0,0.0
fixed_fastest,0.0,thermal_die1,die1,25.0,0.0,0.0
fixed_fastest,0.0,thermal_die2,die2,25.0,0.0,0.0
fixed_fastest,0.0,thermal_die3,die3,25.0,0.0,0.0
fixed_fastest,3.2e-06,thermal_die0,die0,25.000000609767923,0.0,0.0343
fixed_fastest,3.2e-06,thermal_die1,die1,25.000002488853205,0.14,0.0
fixed_fastest,3.2e-06,thermal_die2,die2,25.00000065332504,0.0,0.03675
fixed_fastest,3.2e-06,thermal_die3,die3,25.0,0.0,0.0
fixed_fastest,4.4799999999999995e-06,thermal_die0,die0,25.000000853669572,0.0,0.0343
fixed_fastest,4.4799999999999995e-06,thermal_die1,die1,25.000003484374506,0.14,0.0
fixed_fastest,4.4799999999999995e-06,thermal_die2,die2,25.000000914650407,0.0,0.03675
fixed_fastest,4.4799999999999995e-06,thermal_die3,die3,25.0,0.0,0.0
fixed_fastest,6.119999999999999e-06,thermal_die0,die0,25.000001166163955,0.0,0.0343
fixed_fastest,6.119999999999999e-06,thermal_die1,die1,25.000004759869487,0.14,0.0
fixed_fastest,6.119999999999999e-06,thermal_die2,die2,25.000001249469655,0.0,0.03675
fixed_fastest,6.119999999999999e-06,thermal_die3,die3,25.0,0.0,0.0
fixed_fastest,8.04e-06,thermal_die0,die0,25.000005712763915,0.12,0.30624999999999997
fixed_fastest,8.04e-06,thermal_die1,die1,25.000018406603537,1.25,0.029400000000000093
fixed_fastest,8.04e-06,thermal_die2,die2,25.000004749423947,0.0,0.32812499999999994
fixed_fastest,8.04e-06,thermal_die3,die3,25.0,0.0,0.0
fixed_fastest,9.319999999999999e-06,thermal_die0,die0,25.00000874378157,0.12,0.30624999999999997
fixed_fastest,9.319999999999999e-06,thermal_die1,die1,25.000027504295804,1.25,0.029400000000000093
fixed_fastest,9.319999999999999e-06,thermal_die2,die2,25.00000708269718,0.0,0.32812499999999994
fixed_fastest,9.319999999999999e-06,thermal_die3,die3,25.0,0.0,0.0
fixed_fastest,1.064e-05,thermal_die0,die0,25.000011869477483,0.12,0.30624999999999997
fixed_fastest,1.064e-05,thermal_die1,die1,25.000036886181668,1.25,0.029400000000000093
fixed_fastest,1.064e-05,thermal_die2,die2,25.00000948886038,0.0,0.32812499999999994
fixed_fastest,1.064e-05,thermal_die3,die3,25.0,0.0,0.0
fixed_fastest,1.64e-05,thermal_die0,die0,25.00005462754301,1.0299999999999998,0.3062499999999999
fixed_fastest,1.64e-05,thermal_die1,die1,25.000084958237284,1.25,0.25234999999999985
fixed_fastest,1.64e-05,thermal_die2,die2,25.000021421753846,0.0,0.37292499999999995
fixed_fastest,1.64e-05,thermal_die3,die3,25.0000051198976,0.16,0.0
fixed_fastest,1.768e-05,thermal_die0,die0,25.000064128997515,1.0299999999999998,0.3062499999999999
fixed_fastest,1.768e-05,thermal_die1,die1,25.00009564057937,1.25,0.25234999999999985
fixed_fastest,1.768e-05,thermal_die2,die2,25.00002407343387,0.0,0.37292499999999995
fixed_fastest,1.768e-05,thermal_die3,die3,25.00000625762481,0.16,0.0
fixed_fastest,1.9e-05,thermal_die0,die0,25.000073927243808,1.0299999999999998,0.3062499999999999
fixed_fastest,1.9e-05,thermal_die1,die1,25.000106656616325,1.25,0.25234999999999985
fixed_fastest,1.9e-05,thermal_die2,die2,25.000026807950682,0.0,0.37292499999999995
fixed_fastest,1.9e-05,thermal_die3,die3,25.000007430895405,0.16,0.0
fixed_fastest,2.3480000000000002e-05,thermal_die0,die0,25.000107180923777,1.0299999999999998,0.3062499999999999
fixed_fastest,2.3480000000000002e-05,thermal_die1,die1,25.00014469672679,1.25,0.27859999999999996
fixed_fastest,2.3480000000000002e-05,thermal_die2,die2,25.000037462363654,0.1,0.328125
fixed_fastest,2.3480000000000002e-05,thermal_die3,die3,25.000008127542273,0.0,0.027999999999999997
fixed_fastest,2.4760000000000003e-05,thermal_die0,die0,25.000116681698806,1.0299999999999998,0.3062499999999999
fixed_fastest,2.4760000000000003e-05,thermal_die1,die1,25.0001555650493,1.25,0.27859999999999996
fixed_fastest,2.4760000000000003e-05,thermal_die2,die2,25.000040506412066,0.1,0.328125
fixed_fastest,2.4760000000000003e-05,thermal_die3,die3,25.000008326580254,0.0,0.027999999999999997
fixed_fastest,2.6400000000000005e-05,thermal_die0,die0,25.000128854387295,1.0299999999999998,0.3062499999999999
fixed_fastest,2.6400000000000005e-05,thermal_die1,die1,25.00016948990535,1.25,0.27859999999999996
fixed_fastest,2.6400000000000005e-05,thermal_die2,die2,25.000044406553904,0.1,0.328125
fixed_fastest,2.6400000000000005e-05,thermal_die3,die3,25.000008581595083,0.0,0.027999999999999997
fixed_fastest,3.088e-05,thermal_die0,die0,25.00016210558173,1.0299999999999998,0.3062499999999999
fixed_fastest,3.088e-05,thermal_die1,die1,25.000206874173305,1.25,0.25234999999999985
fixed_fastest,3.088e-05,thermal_die2,die2,25.000052571496514,0.0,0.32812499999999994
fixed_fastest,3.088e-05,thermal_die3,die3,25.000008581328103,0.0,0.0
fixed_fastest,3.408e-05,thermal_die0,die0,25.00018585551367,1.0299999999999998,0.3062499999999999
fixed_fastest,3.408e-05,thermal_die1,die1,25.000233576303046,1.25,0.25234999999999985
fixed_fastest,3.408e-05,thermal_die2,die2,25.000058403420642,0.0,0.32812499999999994
fixed_fastest,3.408e-05,thermal_die3,die3,25.000008581137408,0.0,0.0
fixed_fastest,3.984e-05,thermal_die0,die0,25.00022860345667,1.0299999999999998,0.3062499999999999
fixed_fastest,3.984e-05,thermal_die1,die1,25.000281638207177,1.25,0.25234999999999985
fixed_fastest,3.984e-05,thermal_die2,die2,25.000068900510836,0.0,0.32812499999999994
fixed_fastest,3.984e-05,thermal_die3,die3,25.00000858079417,0.0,0.0
fixed_fastest,4.1479999999999996e-05,thermal_die0,die0,25.000240774291115,1.0299999999999998,0.3062499999999999
fixed_fastest,4.1479999999999996e-05,thermal_die1,die1,25.00029532204564,1.25,0.25234999999999985
fixed_fastest,4.1479999999999996e-05,thermal_die2,die2,25.00007188917792,0.0,0.32812499999999994
fixed_fastest,4.1479999999999996e-05,thermal_die3,die3,25.000008580696445,0.0,0.0
fixed_fastest,0.0001234,thermal_die0,die0,25.00084846581932,1.0299999999999998,0.3062499999999999
fixed_fastest,0.0001234,thermal_die1,die1,25.000978590634823,1.25,0.25234999999999985
fixed_fastest,0.0001234,thermal_die2,die2,25.000291191584576,0.0,0.4821249999999999
fixed_fastest,0.0001234,thermal_die3,die3,25.000258815741375,0.55,0.0
fixed_fastest,0.0001244,thermal_die0,die0,25.00085588082262,1.0299999999999998,0.3062499999999999
fixed_fastest,0.0001244,thermal_die1,die1,25.000986928217625,1.25,0.25234999999999985
fixed_fastest,0.0001244,thermal_die2,die2,25.000293867735135,0.0,0.4821249999999999
fixed_fastest,0.0001244,thermal_die3,die3,25.000261869488995,0.55,0.0
fixed_fastest,0.00021912,thermal_die0,die0,25.00155789050432,1.0299999999999998,0.3062499999999999
fixed_fastest,0.00021912,thermal_die1,die1,25.001776325476197,1.25,0.25234999999999985
fixed_fastest,0.00021912,thermal_die2,die2,25.000547256456205,0.0,0.4821249999999999
fixed_fastest,0.00021912,thermal_die3,die3,25.00055102434904,0.55,0.0
fixed_fastest,0.00022232,thermal_die0,die0,25.001581813094965,1.0299999999999998,0.3185
fixed_fastest,0.00022232,thermal_die1,die1,25.00180387148054,1.3,0.25234999999999985
fixed_fastest,0.00022232,thermal_die2,die2,25.000553309147435,0.0,0.34124999999999994
fixed_fastest,0.00022232,thermal_die3,die3,25.00055101210419,0.0,0.0
fixed_fastest,0.00022264,thermal_die0,die0,25.001584205311502,1.0299999999999998,0.3185
fixed_fastest,0.00022264,thermal_die1,die1,25.00180662603753,1.3,0.25234999999999985
fixed_fastest,0.00022264,thermal_die2,die2,25.000553914408105,0.0,0.34124999999999994
fixed_fastest,0.00022264,thermal_die3,die3,25.000551010879718,0.0,0.0
fixed_fastest,0.00022328,thermal_die0,die0,25.001588989721377,1.0299999999999998,0.3185
fixed_fastest,0.00022328,thermal_die1,die1,25.00181213512782,1.3,0.25234999999999985
fixed_fastest,0.00022328,thermal_die2,die2,25.00055512492483,0.0,0.34124999999999994
fixed_fastest,0.00022328,thermal_die3,die3,25.000551008430786,0.0,0.0
fixed_fastest,0.00077864,thermal_die0,die0,25.005691335421147,1.0299999999999998,0.3062499999999999
fixed_fastest,0.00077864,thermal_die1,die1,25.00642687606057,1.25,0.25234999999999985
fixed_fastest,0.00077864,thermal_die2,die2,25.0015628307226,0.0,0.32812499999999994
fixed_fastest,0.00077864,thermal_die3,die3,25.00054888746749,0.0,0.0
fixed_fastest,0.0007796400000000001,thermal_die0,die0,25.005703645926292,1.92,0.3062499999999999
fixed_fastest,0.0007796400000000001,thermal_die1,die1,25.00643637620729,1.25,0.47039999999999993
fixed_fastest,0.0007796400000000001,thermal_die2,die2,25.001564641228665,0.0,0.32812499999999994
fixed_fastest,0.0007796400000000001,thermal_die3,die3,25.000548883655785,0.0,0.0
fixed_fastest,0.00120612,thermal_die0,die0,25.008838340188444,1.0299999999999998,0.3062499999999999
fixed_fastest,0.00120612,thermal_die1,die1,25.0099646016343,1.25,0.25234999999999985
fixed_fastest,0.00120612,thermal_die2,die2,25.002335477506076,0.0,0.32812499999999994
fixed_fastest,0.00120612,thermal_die3,die3,25.00054726045024,0.0,0.0
fixed_fastest,0.00120712,thermal_die0,die0,25.008847021979545,1.0299999999999998,0.5488
fixed_fastest,0.00120712,thermal_die1,die1,25.00997835867301,2.24,0.25234999999999985
fixed_fastest,0.00120712,thermal_die2,die2,25.002338725624316,0.0,0.588
fixed_fastest,0.00120712,thermal_die3,die3,25.000547256649835,0.0,0.0
fixed_fastest,0.00154764,thermal_die0,die0,25.011340189651303,1.0299999999999998,0.3062499999999999
fixed_fastest,0.00154764,thermal_die1,die1,25.012785739311376,1.25,0.25234999999999985
fixed_fastest,0.00154764,thermal_die2,die2,25.002952315210283,0.0,0.32812499999999994
fixed_fastest,0.00154764,thermal_die3,die3,25.000545964068774,0.0,0.0
fixed_fastest,0.0024071199999999996,thermal_die0,die0,25.012698145046887,0.0,0.30624999999999997
fixed_fastest,0.0024071199999999996,thermal_die1,die1,25.01863333555887,1.25,0.0
fixed_fastest,0.0024071199999999996,thermal_die2,die2,25.00638570954296,0.0,0.725725
fixed_fastest,0.0024071199999999996,thermal_die3,die3,25.00730286293382,1.42,0.0
fixed_fastest,0.0024087599999999994,thermal_die0,die0,25.01269793469552,0.0,0.0
fixed_fastest,0.0024087599999999994,thermal_die1,die1,25.018635118555892,0.0,0.22574999999999995
fixed_fastest,0.0024087599999999994,thermal_die2,die2,25.006397084486682,0.86,0.39760000000000006
fixed_fastest,0.0024087599999999994,thermal_die3,die3,25.007317911409967,1.42,0.2407999999999999
fixed_fastest,0.0024906799999999995,thermal_die0,die0,25.012737587067285,0.0,0.11024999999999999
fixed_fastest,0.0024906799999999995,thermal_die1,die1,25.01892887294869,0.45,0.22574999999999995
fixed_fastest,0.0024906799999999995,thermal_die2,die2,25.00701883096084,0.86,0.5157249999999999
fixed_fastest,0.0024906799999999995,thermal_die3,die3,25.008069383092597,1.42,0.2407999999999999
fixed_fastest,0.0024916799999999996,thermal_die0,die0,25.012738070902344,0.0,0.11024999999999999
fixed_fastest,0.0024916799999999996,thermal_die1,die1,25.01893245748574,0.45,0.22574999999999995
fixed_fastest,0.0024916799999999996,thermal_die2,die2,25.007026418142388,0.86,0.5157249999999999
fixed_fastest,0.0024916799999999996,thermal_die3,die3,25.008078553690037,1.42,0.2407999999999999
fixed_fastest,0.0025838399999999996,thermal_die0,die0,25.012782640168155,0.0,0.11024999999999999
fixed_fastest,0.0025838399999999996,thermal_die1,die1,25.019262670575387,0.45,0.22574999999999995
fixed_fastest,0.0025838399999999996,thermal_die2,die2,25.00772539436265,0.86,0.5157249999999999
fixed_fastest,0.0025838399999999996,thermal_die3,die3,25.00892344262238,1.42,0.2407999999999999
fixed_fastest,0.0026631199999999997,thermal_die0,die0,25.012772407824233,0.0,0.0
fixed_fastest,0.0026631199999999997,thermal_die1,die1,25.019348386368403,0.0,0.22574999999999995
fixed_fastest,0.0026631199999999997,thermal_die2,die2,25.00827426373465,0.86,0.39760000000000006
fixed_fastest,0.0026631199999999997,thermal_die3,die3,25.00964981993092,1.42,0.2407999999999999
fixed_fastest,0.00266412,thermal_die0,die0,25.012772278810665,0.0,0.0
fixed_fastest,0.00266412,thermal_die1,die1,25.019350692152102,0.0,0.44625
fixed_fastest,0.00266412,thermal_die2,die2,25.00828585135324,1.7000000000000002,0.39759999999999973
fixed_fastest,0.00266412,thermal_die3,die3,25.009660286215276,1.42,0.476
fixed_fastest,0.00292012,thermal_die0,die0,25.01273929416903,0.0,0.0
fixed_fastest,0.00292012,thermal_die1,die1,25.019627053040015,0.0,0.22574999999999995
fixed_fastest,0.00292012,thermal_die2,die2,25.010055804617675,0.86,0.39760000000000006
fixed_fastest,0.00292012,thermal_die3,die3,25.01200305596076,1.42,0.2407999999999999
fixed_fastest,0.00292176,thermal_die0,die0,25.012739083136005,0.0,0.0
fixed_fastest,0.00292176,thermal_die1,die1,25.019626764615907,0.0,0.0
fixed_fastest,0.00292176,thermal_die2,die2,25.010059296287654,0.0,0.39759999999999995
fixed_fastest,0.00292176,thermal_die3,die3,25.012015856964172,1.42,0.0
fixed_fastest,0.00300368,thermal_die0,die0,25.01272854622652,0.0,0.0
fixed_fastest,0.00300368,thermal_die1,die1,25.019672074287335,0.0,0.13124999999999998
fixed_fastest,0.00300368,thermal_die2,die2,25.010461133238632,0.5,0.39759999999999995
fixed_fastest,0.00300368,thermal_die3,die3,25.012718794644314,1.42,0.1399999999999999
fixed_fastest,0.00300468,thermal_die0,die0,25.012728417655996,0.0,0.0
fixed_fastest,0.00300468,thermal_die1,die1,25.01967262717846,0.0,0.13124999999999998
fixed_fastest,0.00300468,thermal_die2,die2,25.010466036860972,0.5,0.39759999999999995
fixed_fastest,0.00300468,thermal_die3,die3,25.01272737295623,1.42,0.1399999999999999
fixed_fastest,0.00309812,thermal_die0,die0,25.012716409754496,0.0,0.0
fixed_fastest,0.00309812,thermal_die1,die1,25.019724267471876,0.0,0.13124999999999998
fixed_fastest,0.00309812,thermal_die2,die2,25.010924059661335,0.5,0.39759999999999995
fixed_fastest,0.00309812,thermal_die3,die3,25.013528667634947,1.42,0.1399999999999999
fixed_fastest,0.00327564,thermal_die0,die0,25.012693627993425,0.0,0.0
fixed_fastest,0.00327564,thermal_die1,die1,25.019692917394895,0.0,0.0
fixed_fastest,0.00327564,thermal_die2,die2,25.011300525569023,0.0,0.39759999999999995
fixed_fastest,0.00327564,thermal_die3,die3,25.014911572767183,1.42,0.0
fixed_fastest,0.00327664,thermal_die0,die0,25.012693499775608,0.0,0.0
fixed_fastest,0.00327664,thermal_die1,die1,25.019692740935852,0.0,0.0
fixed_fastest,0.00327664,thermal_die2,die2,25.011304729198965,0.0,0.7727999999999999
fixed_fastest,0.00327664,thermal_die3,die3,25.014926802495047,2.7600000000000002,0.0
fixed_fastest,0.0050046399999999994,thermal_die0,die0,25.012473862913797,0.0,0.0
fixed_fastest,0.0050046399999999994,thermal_die1,die1,25.019390169608997,0.0,0.0
fixed_fastest,0.0050046399999999994,thermal_die2,die2,25.01494165697638,0.0,0.39759999999999995
fixed_fastest,0.0050046399999999994,thermal_die3,die3,25.02829928549768,1.42,0.0
tam_like,0.0,thermal_die0,die0,25.0,0.0,0.0
tam_like,0.0,thermal_die1,die1,25.0,0.0,0.0
tam_like,0.0,thermal_die2,die2,25.0,0.0,0.0
tam_like,0.0,thermal_die3,die3,25.0,0.0,0.0
tam_like,3.2e-06,thermal_die0,die0,25.000000609767923,0.0,0.0343
tam_like,3.2e-06,thermal_die1,die1,25.000002488853205,0.14,0.0
tam_like,3.2e-06,thermal_die2,die2,25.00000065332504,0.0,0.03675
tam_like,3.2e-06,thermal_die3,die3,25.0,0.0,0.0
tam_like,4.4799999999999995e-06,thermal_die0,die0,25.000000853669572,0.0,0.0343
tam_like,4.4799999999999995e-06,thermal_die1,die1,25.000003484374506,0.14,0.0
tam_like,4.4799999999999995e-06,thermal_die2,die2,25.000000914650407,0.0,0.03675
tam_like,4.4799999999999995e-06,thermal_die3,die3,25.0,0.0,0.0
tam_like,6.119999999999999e-06,thermal_die0,die0,25.000001166163955,0.0,0.0343
tam_like,6.119999999999999e-06,thermal_die1,die1,25.000004759869487,0.14,0.0
tam_like,6.119999999999999e-06,thermal_die2,die2,25.000001249469655,0.0,0.03675
tam_like,6.119999999999999e-06,thermal_die3,die3,25.0,0.0,0.0
tam_like,8.04e-06,thermal_die0,die0,25.000005712763915,0.12,0.30624999999999997
tam_like,8.04e-06,thermal_die1,die1,25.000018406603537,1.25,0.029400000000000093
tam_like,8.04e-06,thermal_die2,die2,25.000004749423947,0.0,0.32812499999999994
tam_like,8.04e-06,thermal_die3,die3,25.0,0.0,0.0
tam_like,9.319999999999999e-06,thermal_die0,die0,25.00000874378157,0.12,0.30624999999999997
tam_like,9.319999999999999e-06,thermal_die1,die1,25.000027504295804,1.25,0.029400000000000093
tam_like,9.319999999999999e-06,thermal_die2,die2,25.00000708269718,0.0,0.32812499999999994
tam_like,9.319999999999999e-06,thermal_die3,die3,25.0,0.0,0.0
tam_like,1.064e-05,thermal_die0,die0,25.000011869477483,0.12,0.30624999999999997
tam_like,1.064e-05,thermal_die1,die1,25.000036886181668,1.25,0.029400000000000093
tam_like,1.064e-05,thermal_die2,die2,25.00000948886038,0.0,0.32812499999999994
tam_like,1.064e-05,thermal_die3,die3,25.0,0.0,0.0
tam_like,1.64e-05,thermal_die0,die0,25.00005462754301,1.0299999999999998,0.3062499999999999
tam_like,1.64e-05,thermal_die1,die1,25.000084958237284,1.25,0.25234999999999985
tam_like,1.64e-05,thermal_die2,die2,25.000021421753846,0.0,0.37292499999999995
tam_like,1.64e-05,thermal_die3,die3,25.0000051198976,0.16,0.0
tam_like,1.768e-05,thermal_die0,die0,25.000064128997515,1.0299999999999998,0.3062499999999999
tam_like,1.768e-05,thermal_die1,die1,25.00009564057937,1.25,0.25234999999999985
tam_like,1.768e-05,thermal_die2,die2,25.00002407343387,0.0,0.37292499999999995
tam_like,1.768e-05,thermal_die3,die3,25.00000625762481,0.16,0.0
tam_like,1.9e-05,thermal_die0,die0,25.000073927243808,1.0299999999999998,0.3062499999999999
tam_like,1.9e-05,thermal_die1,die1,25.000106656616325,1.25,0.25234999999999985
tam_like,1.9e-05,thermal_die2,die2,25.000026807950682,0.0,0.37292499999999995
tam_like,1.9e-05,thermal_die3,die3,25.000007430895405,0.16,0.0
tam_like,2.3480000000000002e-05,thermal_die0,die0,25.000107180923777,1.0299999999999998,0.3062499999999999
tam_like,2.3480000000000002e-05,thermal_die1,die1,25.00014469672679,1.25,0.27859999999999996
tam_like,2.3480000000000002e-05,thermal_die2,die2,25.000037462363654,0.1,0.328125
tam_like,2.3480000000000002e-05,thermal_die3,die3,25.000008127542273,0.0,0.027999999999999997
tam_like,2.4760000000000003e-05,thermal_die0,die0,25.000116681698806,1.0299999999999998,0.3062499999999999
tam_like,2.4760000000000003e-05,thermal_die1,die1,25.0001555650493,1.25,0.27859999999999996
tam_like,2.4760000000000003e-05,thermal_die2,die2,25.000040506412066,0.1,0.328125
tam_like,2.4760000000000003e-05,thermal_die3,die3,25.000008326580254,0.0,0.027999999999999997
tam_like,2.6400000000000005e-05,thermal_die0,die0,25.000128854387295,1.0299999999999998,0.3062499999999999
tam_like,2.6400000000000005e-05,thermal_die1,die1,25.00016948990535,1.25,0.27859999999999996
tam_like,2.6400000000000005e-05,thermal_die2,die2,25.000044406553904,0.1,0.328125
tam_like,2.6400000000000005e-05,thermal_die3,die3,25.000008581595083,0.0,0.027999999999999997
tam_like,3.088e-05,thermal_die0,die0,25.00016210558173,1.0299999999999998,0.3062499999999999
tam_like,3.088e-05,thermal_die1,die1,25.000206874173305,1.25,0.25234999999999985
tam_like,3.088e-05,thermal_die2,die2,25.000052571496514,0.0,0.32812499999999994
tam_like,3.088e-05,thermal_die3,die3,25.000008581328103,0.0,0.0
tam_like,3.408e-05,thermal_die0,die0,25.00018585551367,1.0299999999999998,0.3062499999999999
tam_like,3.408e-05,thermal_die1,die1,25.000233576303046,1.25,0.25234999999999985
tam_like,3.408e-05,thermal_die2,die2,25.000058403420642,0.0,0.32812499999999994
tam_like,3.408e-05,thermal_die3,die3,25.000008581137408,0.0,0.0
tam_like,3.984e-05,thermal_die0,die0,25.00022860345667,1.0299999999999998,0.3062499999999999
tam_like,3.984e-05,thermal_die1,die1,25.000281638207177,1.25,0.25234999999999985
tam_like,3.984e-05,thermal_die2,die2,25.000068900510836,0.0,0.32812499999999994
tam_like,3.984e-05,thermal_die3,die3,25.00000858079417,0.0,0.0
tam_like,4.1479999999999996e-05,thermal_die0,die0,25.000240774291115,1.0299999999999998,0.3062499999999999
tam_like,4.1479999999999996e-05,thermal_die1,die1,25.00029532204564,1.25,0.25234999999999985
tam_like,4.1479999999999996e-05,thermal_die2,die2,25.00007188917792,0.0,0.32812499999999994
tam_like,4.1479999999999996e-05,thermal_die3,die3,25.000008580696445,0.0,0.0
tam_like,0.0001234,thermal_die0,die0,25.00084846581932,1.0299999999999998,0.3062499999999999
tam_like,0.0001234,thermal_die1,die1,25.000978590634823,1.25,0.25234999999999985
tam_like,0.0001234,thermal_die2,die2,25.000291191584576,0.0,0.4821249999999999
tam_like,0.0001234,thermal_die3,die3,25.000258815741375,0.55,0.0
tam_like,0.0001244,thermal_die0,die0,25.00085588082262,1.0299999999999998,0.3062499999999999
tam_like,0.0001244,thermal_die1,die1,25.000986928217625,1.25,0.25234999999999985
tam_like,0.0001244,thermal_die2,die2,25.000293867735135,0.0,0.4821249999999999
tam_like,0.0001244,thermal_die3,die3,25.000261869488995,0.55,0.0
tam_like,0.00021912,thermal_die0,die0,25.00155789050432,1.0299999999999998,0.3062499999999999
tam_like,0.00021912,thermal_die1,die1,25.001776325476197,1.25,0.25234999999999985
tam_like,0.00021912,thermal_die2,die2,25.000547256456205,0.0,0.4821249999999999
tam_like,0.00021912,thermal_die3,die3,25.00055102434904,0.55,0.0
tam_like,0.00022232,thermal_die0,die0,25.001581813094965,1.0299999999999998,0.3185
tam_like,0.00022232,thermal_die1,die1,25.00180387148054,1.3,0.25234999999999985
tam_like,0.00022232,thermal_die2,die2,25.000553309147435,0.0,0.34124999999999994
tam_like,0.00022232,thermal_die3,die3,25.00055101210419,0.0,0.0
tam_like,0.00022264,thermal_die0,die0,25.001584205311502,1.0299999999999998,0.3185
tam_like,0.00022264,thermal_die1,die1,25.00180662603753,1.3,0.25234999999999985
tam_like,0.00022264,thermal_die2,die2,25.000553914408105,0.0,0.34124999999999994
tam_like,0.00022264,thermal_die3,die3,25.000551010879718,0.0,0.0
tam_like,0.00022328,thermal_die0,die0,25.001588989721377,1.0299999999999998,0.3185
tam_like,0.00022328,thermal_die1,die1,25.00181213512782,1.3,0.25234999999999985
tam_like,0.00022328,thermal_die2,die2,25.00055512492483,0.0,0.34124999999999994
tam_like,0.00022328,thermal_die3,die3,25.000551008430786,0.0,0.0
tam_like,0.00077864,thermal_die0,die0,25.005691335421147,1.0299999999999998,0.3062499999999999
tam_like,0.00077864,thermal_die1,die1,25.00642687606057,1.25,0.25234999999999985
tam_like,0.00077864,thermal_die2,die2,25.0015628307226,0.0,0.32812499999999994
tam_like,0.00077864,thermal_die3,die3,25.00054888746749,0.0,0.0
tam_like,0.0007796400000000001,thermal_die0,die0,25.005703645926292,1.92,0.3062499999999999
tam_like,0.0007796400000000001,thermal_die1,die1,25.00643637620729,1.25,0.47039999999999993
tam_like,0.0007796400000000001,thermal_die2,die2,25.001564641228665,0.0,0.32812499999999994
tam_like,0.0007796400000000001,thermal_die3,die3,25.000548883655785,0.0,0.0
tam_like,0.00120612,thermal_die0,die0,25.008838340188444,1.0299999999999998,0.3062499999999999
tam_like,0.00120612,thermal_die1,die1,25.0099646016343,1.25,0.25234999999999985
tam_like,0.00120612,thermal_die2,die2,25.002335477506076,0.0,0.32812499999999994
tam_like,0.00120612,thermal_die3,die3,25.00054726045024,0.0,0.0
tam_like,0.00120712,thermal_die0,die0,25.008847021979545,1.0299999999999998,0.5488
tam_like,0.00120712,thermal_die1,die1,25.00997835867301,2.24,0.25234999999999985
tam_like,0.00120712,thermal_die2,die2,25.002338725624316,0.0,0.588
tam_like,0.00120712,thermal_die3,die3,25.000547256649835,0.0,0.0
tam_like,0.00154764,thermal_die0,die0,25.011340189651303,1.0299999999999998,0.3062499999999999
tam_like,0.00154764,thermal_die1,die1,25.012785739311376,1.25,0.25234999999999985
tam_like,0.00154764,thermal_die2,die2,25.002952315210283,0.0,0.32812499999999994
tam_like,0.00154764,thermal_die3,die3,25.000545964068774,0.0,0.0
tam_like,0.0024071199999999996,thermal_die0,die0,25.012698145046887,0.0,0.30624999999999997
tam_like,0.0024071199999999996,thermal_die1,die1,25.01863333555887,1.25,0.0
tam_like,0.0024071199999999996,thermal_die2,die2,25.00638570954296,0.0,0.725725
tam_like,0.0024071199999999996,thermal_die3,die3,25.00730286293382,1.42,0.0
tam_like,0.0024087599999999994,thermal_die0,die0,25.01269793469552,0.0,0.0
tam_like,0.0024087599999999994,thermal_die1,die1,25.018635118555892,0.0,0.22574999999999995
tam_like,0.0024087599999999994,thermal_die2,die2,25.006397084486682,0.86,0.39760000000000006
tam_like,0.0024087599999999994,thermal_die3,die3,25.007317911409967,1.42,0.2407999999999999
tam_like,0.0024906799999999995,thermal_die0,die0,25.012737587067285,0.0,0.11024999999999999
tam_like,0.0024906799999999995,thermal_die1,die1,25.01892887294869,0.45,0.22574999999999995
tam_like,0.0024906799999999995,thermal_die2,die2,25.00701883096084,0.86,0.5157249999999999
tam_like,0.0024906799999999995,thermal_die3,die3,25.008069383092597,1.42,0.2407999999999999
tam_like,0.0024916799999999996,thermal_die0,die0,25.012738070902344,0.0,0.11024999999999999
tam_like,0.0024916799999999996,thermal_die1,die1,25.01893245748574,0.45,0.22574999999999995
tam_like,0.0024916799999999996,thermal_die2,die2,25.007026418142388,0.86,0.5157249999999999
tam_like,0.0024916799999999996,thermal_die3,die3,25.008078553690037,1.42,0.2407999999999999
tam_like,0.0025838399999999996,thermal_die0,die0,25.012782640168155,0.0,0.11024999999999999
tam_like,0.0025838399999999996,thermal_die1,die1,25.019262670575387,0.45,0.22574999999999995
tam_like,0.0025838399999999996,thermal_die2,die2,25.00772539436265,0.86,0.5157249999999999
tam_like,0.0025838399999999996,thermal_die3,die3,25.00892344262238,1.42,0.2407999999999999
tam_like,0.0026631199999999997,thermal_die0,die0,25.012772407824233,0.0,0.0
tam_like,0.0026631199999999997,thermal_die1,die1,25.019348386368403,0.0,0.22574999999999995
tam_like,0.0026631199999999997,thermal_die2,die2,25.00827426373465,0.86,0.39760000000000006
tam_like,0.0026631199999999997,thermal_die3,die3,25.00964981993092,1.42,0.2407999999999999
tam_like,0.00266412,thermal_die0,die0,25.012772278810665,0.0,0.0
tam_like,0.00266412,thermal_die1,die1,25.019350692152102,0.0,0.44625
tam_like,0.00266412,thermal_die2,die2,25.00828585135324,1.7000000000000002,0.39759999999999973
tam_like,0.00266412,thermal_die3,die3,25.009660286215276,1.42,0.476
tam_like,0.00292012,thermal_die0,die0,25.01273929416903,0.0,0.0
tam_like,0.00292012,thermal_die1,die1,25.019627053040015,0.0,0.22574999999999995
tam_like,0.00292012,thermal_die2,die2,25.010055804617675,0.86,0.39760000000000006
tam_like,0.00292012,thermal_die3,die3,25.01200305596076,1.42,0.2407999999999999
tam_like,0.00292176,thermal_die0,die0,25.012739083136005,0.0,0.0
tam_like,0.00292176,thermal_die1,die1,25.019626764615907,0.0,0.0
tam_like,0.00292176,thermal_die2,die2,25.010059296287654,0.0,0.39759999999999995
tam_like,0.00292176,thermal_die3,die3,25.012015856964172,1.42,0.0
tam_like,0.00300368,thermal_die0,die0,25.01272854622652,0.0,0.0
tam_like,0.00300368,thermal_die1,die1,25.019672074287335,0.0,0.13124999999999998
tam_like,0.00300368,thermal_die2,die2,25.010461133238632,0.5,0.39759999999999995
tam_like,0.00300368,thermal_die3,die3,25.012718794644314,1.42,0.1399999999999999
tam_like,0.00300468,thermal_die0,die0,25.012728417655996,0.0,0.0
tam_like,0.00300468,thermal_die1,die1,25.01967262717846,0.0,0.13124999999999998
tam_like,0.00300468,thermal_die2,die2,25.010466036860972,0.5,0.39759999999999995
tam_like,0.00300468,thermal_die3,die3,25.01272737295623,1.42,0.1399999999999999
tam_like,0.00309812,thermal_die0,die0,25.012716409754496,0.0,0.0
tam_like,0.00309812,thermal_die1,die1,25.019724267471876,0.0,0.13124999999999998
tam_like,0.00309812,thermal_die2,die2,25.010924059661335,0.5,0.39759999999999995
tam_like,0.00309812,thermal_die3,die3,25.013528667634947,1.42,0.1399999999999999
tam_like,0.00327564,thermal_die0,die0,25.012693627993425,0.0,0.0
tam_like,0.00327564,thermal_die1,die1,25.019692917394895,0.0,0.0
tam_like,0.00327564,thermal_die2,die2,25.011300525569023,0.0,0.39759999999999995
tam_like,0.00327564,thermal_die3,die3,25.014911572767183,1.42,0.0
tam_like,0.00327664,thermal_die0,die0,25.012693499775608,0.0,0.0
tam_like,0.00327664,thermal_die1,die1,25.019692740935852,0.0,0.0
tam_like,0.00327664,thermal_die2,die2,25.011304729198965,0.0,0.7727999999999999
tam_like,0.00327664,thermal_die3,die3,25.014926802495047,2.7600000000000002,0.0
tam_like,0.0050046399999999994,thermal_die0,die0,25.012473862913797,0.0,0.0
tam_like,0.0050046399999999994,thermal_die1,die1,25.019390169608997,0.0,0.0
tam_like,0.0050046399999999994,thermal_die2,die2,25.01494165697638,0.0,0.39759999999999995
tam_like,0.0050046399999999994,thermal_die3,die3,25.02829928549768,1.42,0.0
low_power,0.0,thermal_die0,die0,25.0,0.0,0.0
low_power,0.0,thermal_die1,die1,25.0,0.0,0.0
low_power,0.0,thermal_die2,die2,25.0,0.0,0.0
low_power,0.0,thermal_die3,die3,25.0,0.0,0.0
low_power,3.2e-06,thermal_die0,die0,25.000000609767923,0.0,0.0343
low_power,3.2e-06,thermal_die1,die1,25.000002488853205,0.14,0.0
low_power,3.2e-06,thermal_die2,die2,25.00000065332504,0.0,0.03675
low_power,3.2e-06,thermal_die3,die3,25.0,0.0,0.0
low_power,4.4799999999999995e-06,thermal_die0,die0,25.000000853669572,0.0,0.0343
low_power,4.4799999999999995e-06,thermal_die1,die1,25.000003484374506,0.14,0.0
low_power,4.4799999999999995e-06,thermal_die2,die2,25.000000914650407,0.0,0.03675
low_power,4.4799999999999995e-06,thermal_die3,die3,25.0,0.0,0.0
low_power,6.119999999999999e-06,thermal_die0,die0,25.000001166163955,0.0,0.0343
low_power,6.119999999999999e-06,thermal_die1,die1,25.000004759869487,0.14,0.0
low_power,6.119999999999999e-06,thermal_die2,die2,25.000001249469655,0.0,0.03675
low_power,6.119999999999999e-06,thermal_die3,die3,25.0,0.0,0.0
low_power,8.04e-06,thermal_die0,die0,25.000005712763915,0.12,0.30624999999999997
low_power,8.04e-06,thermal_die1,die1,25.000018406603537,1.25,0.029400000000000093
low_power,8.04e-06,thermal_die2,die2,25.000004749423947,0.0,0.32812499999999994
low_power,8.04e-06,thermal_die3,die3,25.0,0.0,0.0
low_power,9.319999999999999e-06,thermal_die0,die0,25.00000874378157,0.12,0.30624999999999997
low_power,9.319999999999999e-06,thermal_die1,die1,25.000027504295804,1.25,0.029400000000000093
low_power,9.319999999999999e-06,thermal_die2,die2,25.00000708269718,0.0,0.32812499999999994
low_power,9.319999999999999e-06,thermal_die3,die3,25.0,0.0,0.0
low_power,1.064e-05,thermal_die0,die0,25.000011869477483,0.12,0.30624999999999997
low_power,1.064e-05,thermal_die1,die1,25.000036886181668,1.25,0.029400000000000093
low_power,1.064e-05,thermal_die2,die2,25.00000948886038,0.0,0.32812499999999994
low_power,1.064e-05,thermal_die3,die3,25.0,0.0,0.0
low_power,1.9600000000000002e-05,thermal_die0,die0,25.000078380948935,1.0299999999999998,0.3062499999999999
low_power,1.9600000000000002e-05,thermal_die1,die1,25.000111663862775,1.25,0.25234999999999985
low_power,1.9600000000000002e-05,thermal_die2,die2,25.000028050903403,0.0,0.37292499999999995
low_power,1.9600000000000002e-05,thermal_die3,die3,25.000007964196666,0.16,0.0
low_power,2.6640000000000002e-05,thermal_die0,die0,25.00013063573943,1.0299999999999998,0.3062499999999999
low_power,2.6640000000000002e-05,thermal_die1,die1,25.000171440177752,1.25,0.27859999999999996
low_power,2.6640000000000002e-05,thermal_die2,die2,25.000066256890985,0.1,0.876925
low_power,2.6640000000000002e-05,thermal_die3,die3,25.00008571479561,1.96,0.028000000000000025
low_power,3.112e-05,thermal_die0,die0,25.000163886853258,1.0299999999999998,0.3062499999999999
low_power,3.112e-05,thermal_die1,die1,25.00020882436742,1.25,0.25234999999999985
low_power,3.112e-05,thermal_die2,die2,25.000088079836107,0.0,0.876925
low_power,3.112e-05,thermal_die3,die3,25.000134493592363,1.96,0.0
low_power,3.432e-05,thermal_die0,die0,25.000187636727624,1.0299999999999998,0.3062499999999999
low_power,3.432e-05,thermal_die1,die1,25.00023552644124,1.25,0.25234999999999985
low_power,3.432e-05,thermal_die2,die2,25.000103667179,0.0,0.876925
low_power,3.432e-05,thermal_die3,die3,25.000169334660935,1.96,0.0
low_power,4.0079999999999996e-05,thermal_die0,die0,25.000230384566994,1.0299999999999998,0.3062499999999999
low_power,4.0079999999999996e-05,thermal_die1,die1,25.000283588244724,1.25,0.25234999999999985
low_power,4.0079999999999996e-05,thermal_die2,die2,25.00013172339864,0.0,0.876925
low_power,4.0079999999999996e-05,thermal_die3,die3,25.0002320466333,1.96,0.0
low_power,4.1719999999999994e-05,thermal_die0,die0,25.000242555371933,1.0299999999999998,0.3062499999999999
low_power,4.1719999999999994e-05,thermal_die1,die1,25.00029727205453,1.25,0.25234999999999985
low_power,4.1719999999999994e-05,thermal_die2,die2,25.00013971139327,0.0,0.876925
low_power,4.1719999999999994e-05,thermal_die3,die3,25.00024990166665,1.96,0.0
low_power,0.00012364,thermal_die0,die0,25.00085024542695,1.0299999999999998,0.3062499999999999
low_power,0.00012364,thermal_die1,die1,25.000980539212833,1.25,0.25234999999999985
low_power,0.00012364,thermal_die2,die2,25.00060865352098,0.0,1.0309249999999999
low_power,0.00012364,thermal_die3,die3,25.00139176356219,2.51,0.0
low_power,0.00012464,thermal_die0,die0,25.000857660412272,1.0299999999999998,0.3062499999999999
low_power,0.00012464,thermal_die1,die1,25.000988876778173,1.25,0.25234999999999985
low_power,0.00012464,thermal_die2,die2,25.0006143760288,0.0,1.0309249999999999
low_power,0.00012464,thermal_die3,die3,25.001405698293226,2.51,0.0
low_power,0.00021936,thermal_die0,die0,25.001559668392133,1.0299999999999998,0.3062499999999999
low_power,0.00021936,thermal_die1,die1,25.001778272383614,1.25,0.25234999999999985
low_power,0.00021936,thermal_die2,die2,25.001156206133672,0.0,1.0309249999999999
low_power,0.00021936,thermal_die3,die3,25.00272515743088,2.51,0.0
low_power,0.00022255999999999998,thermal_die0,die0,25.001583590925314,1.0299999999999998,0.3185
low_power,0.00022255999999999998,thermal_die1,die1,25.001805818332134,1.3,0.25234999999999985
low_power,0.00022255999999999998,thermal_die2,die2,25.001171999680263,0.0,0.8900499999999999
low_power,0.00022255999999999998,thermal_die3,die3,25.002759940929785,1.96,0.0
low_power,0.00022287999999999998,thermal_die0,die0,25.001585983136103,1.0299999999999998,0.3185
low_power,0.00022287999999999998,thermal_die1,die1,25.001808572883544,1.3,0.25234999999999985
low_power,0.00022287999999999998,thermal_die2,die2,25.00117357901286,0.0,0.8900499999999999
low_power,0.00022287999999999998,thermal_die3,die3,25.002763419237162,1.96,0.0
low_power,0.00022351999999999997,thermal_die0,die0,25.001590767534484,1.0299999999999998,0.3185
low_power,0.00022351999999999997,thermal_die1,die1,25.00181408196267,1.3,0.25234999999999985
low_power,0.00022351999999999997,thermal_die2,die2,25.001176737666025,0.0,0.8900499999999999
low_power,0.00022351999999999997,thermal_die3,die3,25.002770375828728,1.96,0.0
low_power,0.00077864,thermal_die0,die0,25.005691335421833,1.0299999999999998,0.3062499999999999
low_power,0.00077864,thermal_die1,die1,25.0064268239213,1.25,0.25234999999999985
low_power,0.00077864,thermal_die2,die2,25.00387005265142,0.0,0.876925
low_power,0.00077864,thermal_die3,die3,25.008792720502367,1.96,0.0
low_power,0.0007796400000000001,thermal_die0,die0,25.005703645926978,1.92,0.3062499999999999
low_power,0.0007796400000000001,thermal_die1,die1,25.006436324068485,1.25,0.47039999999999993
low_power,0.0007796400000000001,thermal_die2,die2,25.003874893723058,0.0,0.876925
low_power,0.0007796400000000001,thermal_die3,die3,25.008803548293102,1.96,0.0
low_power,0.00120612,thermal_die0,die0,25.008838340189126,1.0299999999999998,0.3062499999999999
low_power,0.00120612,thermal_die1,die1,25.009964549694367,1.25,0.25234999999999985
low_power,0.00120612,thermal_die2,die2,25.00593601559255,0.0,0.876925
low_power,0.00120612,thermal_die3,die3,25.01341453697474,1.96,0.0
low_power,0.00120712,thermal_die0,die0,25.008847021980227,1.0299999999999998,0.5488
low_power,0.00120712,thermal_die1,die1,25.00997830673354,2.24,0.25234999999999985
low_power,0.00120712,thermal_die2,die2,25.005942284011997,0.0,1.1368
low_power,0.00120712,thermal_die3,die3,25.013425332669637,1.96,0.0
low_power,0.00154764,thermal_die0,die0,25.011340189651982,1.0299999999999998,0.3062499999999999
low_power,0.00154764,thermal_die1,die1,25.013479856282153,1.25,0.6198499999999998
low_power,0.00154764,thermal_die2,die2,25.0102278672825,1.4000000000000001,0.8769250000000002
low_power,0.00154764,thermal_die3,die3,25.017837827601866,1.96,0.3919999999999999
low_power,0.0024071199999999996,thermal_die0,die0,25.01269814504756,0.0,0.30624999999999997
low_power,0.0024071199999999996,thermal_die1,die1,25.021070159216872,1.25,0.36749999999999994
low_power,0.0024071199999999996,thermal_die2,die2,25.02099340506102,1.4000000000000001,0.8769250000000002
low_power,0.0024071199999999996,thermal_die3,die3,25.028928767533277,1.96,0.3919999999999999
low_power,0.0024087599999999994,thermal_die0,die0,25.01269793469619,0.0,0.0
low_power,0.0024087599999999994,thermal_die1,die1,25.021073197894715,0.0,0.3675
low_power,0.0024087599999999994,thermal_die2,die2,25.021010887433086,1.4000000000000001,0.5488
low_power,0.0024087599999999994,thermal_die3,die3,25.028949867279938,1.96,0.3919999999999999
low_power,0.0024906799999999995,thermal_die0,die0,25.012687431821917,0.0,0.0
low_power,0.0024906799999999995,thermal_die1,die1,25.021284638163312,0.0,0.49874999999999997
low_power,0.0024906799999999995,thermal_die2,die2,25.022111345335162,1.9000000000000001,0.5488000000000002
low_power,0.0024906799999999995,thermal_die3,die3,25.030067217056924,1.96,0.532
low_power,0.0024916799999999996,thermal_die0,die0,25.012687303666688,0.0,0.0
low_power,0.0024916799999999996,thermal_die1,die1,25.021287218262522,0.0,0.49874999999999997
low_power,0.0024916799999999996,thermal_die2,die2,25.02212477423945,1.9000000000000001,0.5488000000000002
low_power,0.0024916799999999996,thermal_die3,die3,25.030080852653903,1.96,0.532
low_power,0.0025851199999999998,thermal_die0,die0,25.012675334551844,0.0,0.0
low_power,0.0025851199999999998,thermal_die1,die1,25.02152820075403,0.0,0.49874999999999997
low_power,0.0025851199999999998,thermal_die2,die2,25.02337910092286,1.9000000000000001,0.5488000000000002
low_power,0.0025851199999999998,thermal_die3,die3,25.0313545451246,1.96,0.532
low_power,0.0025867599999999996,thermal_die0,die0,25.012675124578344,0.0,0.0
low_power,0.0025867599999999996,thermal_die1,die1,25.021531232700845,0.0,0.3675
low_power,0.0025867599999999996,thermal_die2,die2,25.023396552243213,1.4000000000000001,0.5488
low_power,0.0025867599999999996,thermal_die3,die3,25.031375617244507,1.96,0.3919999999999999
low_power,0.0026686799999999997,thermal_die0,die0,25.012714795817097,0.0,0.11024999999999999
low_power,0.0026686799999999997,thermal_die1,die1,25.02188735030887,0.45,0.3675
low_power,0.0026686799999999997,thermal_die2,die2,25.024321720518145,1.4000000000000001,0.6669250000000002
low_power,0.0026686799999999997,thermal_die3,die3,25.032427889996292,1.96,0.3919999999999999
low_power,0.00266968,thermal_die0,die0,25.01271527988237,0.0,0.11024999999999999
low_power,0.00266968,thermal_die1,die1,25.021891695832856,0.45,0.3675
low_power,0.00266968,thermal_die2,die2,25.024333010360483,1.4000000000000001,0.6669250000000002
low_power,0.00266968,thermal_die3,die3,25.03244073142469,1.96,0.3919999999999999
low_power,0.0027618399999999998,thermal_die0,die0,25.012759870354678,0.0,0.11024999999999999
low_power,0.0027618399999999998,thermal_die1,die1,25.022292012214525,0.45,0.3675
low_power,0.0027618399999999998,thermal_die2,die2,25.025373097680315,1.4000000000000001,0.6669250000000002
low_power,0.0027618399999999998,thermal_die3,die3,25.033623814729538,1.96,0.3919999999999999
low_power,0.00620712,thermal_die0,die0,25.01232345441329,0.0,0.0
low_power,0.00620712,thermal_die1,die1,25.02854097921289,0.0,0.3675
low_power,0.00620712,thermal_die2,die2,25.061484254259625,1.4000000000000001,0.5488
low_power,0.00620712,thermal_die3,die3,25.07731294419956,1.96,0.3919999999999999
low_power,0.00621192,thermal_die0,die0,25.012322856926957,0.0,0.0
low_power,0.00621192,thermal_die1,die1,25.02854045165524,0.0,0.026249999999999996
low_power,0.00621192,thermal_die2,die2,25.061499213050723,0.1,0.5488
low_power,0.00621192,thermal_die3,die3,25.077363379594157,1.96,0.028000000000000025
low_power,0.0075195999999999995,thermal_die0,die0,25.012161155975022,0.0,0.0
low_power,0.0075195999999999995,thermal_die1,die1,25.02820797881256,0.0,0.0
low_power,0.0075195999999999995,thermal_die2,die2,25.06483060268867,0.0,0.5488
low_power,0.0075195999999999995,thermal_die3,die3,25.090838738150765,1.96,0.0
low_power,0.00752568,thermal_die0,die0,25.012160409131003,0.0,0.0
low_power,0.00752568,thermal_die1,die1,25.028206442075646,0.0,0.0
low_power,0.00752568,thermal_die2,die2,25.064828987638236,0.0,0.0448
low_power,0.00752568,thermal_die3,die3,25.090840307148696,0.16,0.0
m4_greedy,0.0,thermal_die0,die0,25.0,0.0,0.0
m4_greedy,0.0,thermal_die1,die1,25.0,0.0,0.0
m4_greedy,0.0,thermal_die2,die2,25.0,0.0,0.0
m4_greedy,0.0,thermal_die3,die3,25.0,0.0,0.0
m4_greedy,3.2e-06,thermal_die0,die0,25.000000609767923,0.0,0.0343
m4_greedy,3.2e-06,thermal_die1,die1,25.000002488853205,0.14,0.0
m4_greedy,3.2e-06,thermal_die2,die2,25.00000065332504,0.0,0.03675
m4_greedy,3.2e-06,thermal_die3,die3,25.0,0.0,0.0
m4_greedy,4.4799999999999995e-06,thermal_die0,die0,25.000000853669572,0.0,0.0343
m4_greedy,4.4799999999999995e-06,thermal_die1,die1,25.000003484374506,0.14,0.0
m4_greedy,4.4799999999999995e-06,thermal_die2,die2,25.000000914650407,0.0,0.03675
m4_greedy,4.4799999999999995e-06,thermal_die3,die3,25.0,0.0,0.0
m4_greedy,6.119999999999999e-06,thermal_die0,die0,25.000001166163955,0.0,0.0343
m4_greedy,6.119999999999999e-06,thermal_die1,die1,25.000004759869487,0.14,0.0
m4_greedy,6.119999999999999e-06,thermal_die2,die2,25.000001249469655,0.0,0.03675
m4_greedy,6.119999999999999e-06,thermal_die3,die3,25.0,0.0,0.0
m4_greedy,8.04e-06,thermal_die0,die0,25.000005712763915,0.12,0.30624999999999997
m4_greedy,8.04e-06,thermal_die1,die1,25.000018406603537,1.25,0.029400000000000093
m4_greedy,8.04e-06,thermal_die2,die2,25.000004749423947,0.0,0.32812499999999994
m4_greedy,8.04e-06,thermal_die3,die3,25.0,0.0,0.0
m4_greedy,9.319999999999999e-06,thermal_die0,die0,25.00000874378157,0.12,0.30624999999999997
m4_greedy,9.319999999999999e-06,thermal_die1,die1,25.000027504295804,1.25,0.029400000000000093
m4_greedy,9.319999999999999e-06,thermal_die2,die2,25.00000708269718,0.0,0.32812499999999994
m4_greedy,9.319999999999999e-06,thermal_die3,die3,25.0,0.0,0.0
m4_greedy,1.064e-05,thermal_die0,die0,25.000011869477483,0.12,0.30624999999999997
m4_greedy,1.064e-05,thermal_die1,die1,25.000036886181668,1.25,0.029400000000000093
m4_greedy,1.064e-05,thermal_die2,die2,25.00000948886038,0.0,0.32812499999999994
m4_greedy,1.064e-05,thermal_die3,die3,25.0,0.0,0.0
m4_greedy,1.64e-05,thermal_die0,die0,25.00005462754301,1.0299999999999998,0.3062499999999999
m4_greedy,1.64e-05,thermal_die1,die1,25.000084958237284,1.25,0.25234999999999985
m4_greedy,1.64e-05,thermal_die2,die2,25.000021421753846,0.0,0.37292499999999995
m4_greedy,1.64e-05,thermal_die3,die3,25.0000051198976,0.16,0.0
m4_greedy,1.768e-05,thermal_die0,die0,25.000064128997515,1.0299999999999998,0.3062499999999999
m4_greedy,1.768e-05,thermal_die1,die1,25.00009564057937,1.25,0.25234999999999985
m4_greedy,1.768e-05,thermal_die2,die2,25.00002407343387,0.0,0.37292499999999995
m4_greedy,1.768e-05,thermal_die3,die3,25.00000625762481,0.16,0.0
m4_greedy,1.9e-05,thermal_die0,die0,25.000073927243808,1.0299999999999998,0.3062499999999999
m4_greedy,1.9e-05,thermal_die1,die1,25.000106656616325,1.25,0.25234999999999985
m4_greedy,1.9e-05,thermal_die2,die2,25.000026807950682,0.0,0.37292499999999995
m4_greedy,1.9e-05,thermal_die3,die3,25.000007430895405,0.16,0.0
m4_greedy,2.3480000000000002e-05,thermal_die0,die0,25.000107180923777,1.0299999999999998,0.3062499999999999
m4_greedy,2.3480000000000002e-05,thermal_die1,die1,25.00014469672679,1.25,0.27859999999999996
m4_greedy,2.3480000000000002e-05,thermal_die2,die2,25.000037462363654,0.1,0.328125
m4_greedy,2.3480000000000002e-05,thermal_die3,die3,25.000008127542273,0.0,0.027999999999999997
m4_greedy,2.4760000000000003e-05,thermal_die0,die0,25.000116681698806,1.0299999999999998,0.3062499999999999
m4_greedy,2.4760000000000003e-05,thermal_die1,die1,25.0001555650493,1.25,0.27859999999999996
m4_greedy,2.4760000000000003e-05,thermal_die2,die2,25.000040506412066,0.1,0.328125
m4_greedy,2.4760000000000003e-05,thermal_die3,die3,25.000008326580254,0.0,0.027999999999999997
m4_greedy,2.6400000000000005e-05,thermal_die0,die0,25.000128854387295,1.0299999999999998,0.3062499999999999
m4_greedy,2.6400000000000005e-05,thermal_die1,die1,25.00016948990535,1.25,0.27859999999999996
m4_greedy,2.6400000000000005e-05,thermal_die2,die2,25.000044406553904,0.1,0.328125
m4_greedy,2.6400000000000005e-05,thermal_die3,die3,25.000008581595083,0.0,0.027999999999999997
m4_greedy,3.088e-05,thermal_die0,die0,25.00016210558173,1.0299999999999998,0.3062499999999999
m4_greedy,3.088e-05,thermal_die1,die1,25.000206874173305,1.25,0.25234999999999985
m4_greedy,3.088e-05,thermal_die2,die2,25.000052571496514,0.0,0.32812499999999994
m4_greedy,3.088e-05,thermal_die3,die3,25.000008581328103,0.0,0.0
m4_greedy,3.408e-05,thermal_die0,die0,25.00018585551367,1.0299999999999998,0.3062499999999999
m4_greedy,3.408e-05,thermal_die1,die1,25.000233576303046,1.25,0.25234999999999985
m4_greedy,3.408e-05,thermal_die2,die2,25.000058403420642,0.0,0.32812499999999994
m4_greedy,3.408e-05,thermal_die3,die3,25.000008581137408,0.0,0.0
m4_greedy,3.984e-05,thermal_die0,die0,25.00022860345667,1.0299999999999998,0.3062499999999999
m4_greedy,3.984e-05,thermal_die1,die1,25.000281638207177,1.25,0.25234999999999985
m4_greedy,3.984e-05,thermal_die2,die2,25.000068900510836,0.0,0.32812499999999994
m4_greedy,3.984e-05,thermal_die3,die3,25.00000858079417,0.0,0.0
m4_greedy,4.1479999999999996e-05,thermal_die0,die0,25.000240774291115,1.0299999999999998,0.3062499999999999
m4_greedy,4.1479999999999996e-05,thermal_die1,die1,25.00029532204564,1.25,0.25234999999999985
m4_greedy,4.1479999999999996e-05,thermal_die2,die2,25.00007188917792,0.0,0.32812499999999994
m4_greedy,4.1479999999999996e-05,thermal_die3,die3,25.000008580696445,0.0,0.0
m4_greedy,0.0001234,thermal_die0,die0,25.00084846581932,1.0299999999999998,0.3062499999999999
m4_greedy,0.0001234,thermal_die1,die1,25.000978590634823,1.25,0.25234999999999985
m4_greedy,0.0001234,thermal_die2,die2,25.000291191584576,0.0,0.4821249999999999
m4_greedy,0.0001234,thermal_die3,die3,25.000258815741375,0.55,0.0
m4_greedy,0.0001244,thermal_die0,die0,25.00085588082262,1.0299999999999998,0.3062499999999999
m4_greedy,0.0001244,thermal_die1,die1,25.000986928217625,1.25,0.25234999999999985
m4_greedy,0.0001244,thermal_die2,die2,25.000293867735135,0.0,0.4821249999999999
m4_greedy,0.0001244,thermal_die3,die3,25.000261869488995,0.55,0.0
m4_greedy,0.00021912,thermal_die0,die0,25.00155789050432,1.0299999999999998,0.3062499999999999
m4_greedy,0.00021912,thermal_die1,die1,25.001776325476197,1.25,0.25234999999999985
m4_greedy,0.00021912,thermal_die2,die2,25.000547256456205,0.0,0.4821249999999999
m4_greedy,0.00021912,thermal_die3,die3,25.00055102434904,0.55,0.0
m4_greedy,0.00022232,thermal_die0,die0,25.001581813094965,1.0299999999999998,0.3185
m4_greedy,0.00022232,thermal_die1,die1,25.00180387148054,1.3,0.25234999999999985
m4_greedy,0.00022232,thermal_die2,die2,25.000553309147435,0.0,0.34124999999999994
m4_greedy,0.00022232,thermal_die3,die3,25.00055101210419,0.0,0.0
m4_greedy,0.00022264,thermal_die0,die0,25.001584205311502,1.0299999999999998,0.3185
m4_greedy,0.00022264,thermal_die1,die1,25.00180662603753,1.3,0.25234999999999985
m4_greedy,0.00022264,thermal_die2,die2,25.000553914408105,0.0,0.34124999999999994
m4_greedy,0.00022264,thermal_die3,die3,25.000551010879718,0.0,0.0
m4_greedy,0.00022328,thermal_die0,die0,25.001588989721377,1.0299999999999998,0.3185
m4_greedy,0.00022328,thermal_die1,die1,25.00181213512782,1.3,0.25234999999999985
m4_greedy,0.00022328,thermal_die2,die2,25.00055512492483,0.0,0.34124999999999994
m4_greedy,0.00022328,thermal_die3,die3,25.000551008430786,0.0,0.0
m4_greedy,0.00077864,thermal_die0,die0,25.005691335421147,1.0299999999999998,0.3062499999999999
m4_greedy,0.00077864,thermal_die1,die1,25.00642687606057,1.25,0.25234999999999985
m4_greedy,0.00077864,thermal_die2,die2,25.0015628307226,0.0,0.32812499999999994
m4_greedy,0.00077864,thermal_die3,die3,25.00054888746749,0.0,0.0
m4_greedy,0.0007796400000000001,thermal_die0,die0,25.005703645926292,1.92,0.3062499999999999
m4_greedy,0.0007796400000000001,thermal_die1,die1,25.00643637620729,1.25,0.47039999999999993
m4_greedy,0.0007796400000000001,thermal_die2,die2,25.001564641228665,0.0,0.32812499999999994
m4_greedy,0.0007796400000000001,thermal_die3,die3,25.000548883655785,0.0,0.0
m4_greedy,0.00120612,thermal_die0,die0,25.008838340188444,1.0299999999999998,0.3062499999999999
m4_greedy,0.00120612,thermal_die1,die1,25.0099646016343,1.25,0.25234999999999985
m4_greedy,0.00120612,thermal_die2,die2,25.002335477506076,0.0,0.32812499999999994
m4_greedy,0.00120612,thermal_die3,die3,25.00054726045024,0.0,0.0
m4_greedy,0.00120712,thermal_die0,die0,25.008847021979545,1.0299999999999998,0.5488
m4_greedy,0.00120712,thermal_die1,die1,25.00997835867301,2.24,0.25234999999999985
m4_greedy,0.00120712,thermal_die2,die2,25.002338725624316,0.0,0.588
m4_greedy,0.00120712,thermal_die3,die3,25.000547256649835,0.0,0.0
m4_greedy,0.00154764,thermal_die0,die0,25.011340189651303,1.0299999999999998,0.3062499999999999
m4_greedy,0.00154764,thermal_die1,die1,25.012785739311376,1.25,0.25234999999999985
m4_greedy,0.00154764,thermal_die2,die2,25.002952315210283,0.0,0.32812499999999994
m4_greedy,0.00154764,thermal_die3,die3,25.000545964068774,0.0,0.0
m4_greedy,0.0024071199999999996,thermal_die0,die0,25.012698145046887,0.0,0.30624999999999997
m4_greedy,0.0024071199999999996,thermal_die1,die1,25.01863333555887,1.25,0.0
m4_greedy,0.0024071199999999996,thermal_die2,die2,25.00638570954296,0.0,0.725725
m4_greedy,0.0024071199999999996,thermal_die3,die3,25.00730286293382,1.42,0.0
m4_greedy,0.0024087599999999994,thermal_die0,die0,25.01269793469552,0.0,0.0
m4_greedy,0.0024087599999999994,thermal_die1,die1,25.018635118555892,0.0,0.22574999999999995
m4_greedy,0.0024087599999999994,thermal_die2,die2,25.006397084486682,0.86,0.39760000000000006
m4_greedy,0.0024087599999999994,thermal_die3,die3,25.007317911409967,1.42,0.2407999999999999
m4_greedy,0.0024906799999999995,thermal_die0,die0,25.012737587067285,0.0,0.11024999999999999
m4_greedy,0.0024906799999999995,thermal_die1,die1,25.01892887294869,0.45,0.22574999999999995
m4_greedy,0.0024906799999999995,thermal_die2,die2,25.00701883096084,0.86,0.5157249999999999
m4_greedy,0.0024906799999999995,thermal_die3,die3,25.008069383092597,1.42,0.2407999999999999
m4_greedy,0.0024916799999999996,thermal_die0,die0,25.012738070902344,0.0,0.11024999999999999
m4_greedy,0.0024916799999999996,thermal_die1,die1,25.01893245748574,0.45,0.22574999999999995
m4_greedy,0.0024916799999999996,thermal_die2,die2,25.007026418142388,0.86,0.5157249999999999
m4_greedy,0.0024916799999999996,thermal_die3,die3,25.008078553690037,1.42,0.2407999999999999
m4_greedy,0.0025838399999999996,thermal_die0,die0,25.012782640168155,0.0,0.11024999999999999
m4_greedy,0.0025838399999999996,thermal_die1,die1,25.019262670575387,0.45,0.22574999999999995
m4_greedy,0.0025838399999999996,thermal_die2,die2,25.00772539436265,0.86,0.5157249999999999
m4_greedy,0.0025838399999999996,thermal_die3,die3,25.00892344262238,1.42,0.2407999999999999
m4_greedy,0.0026631199999999997,thermal_die0,die0,25.012772407824233,0.0,0.0
m4_greedy,0.0026631199999999997,thermal_die1,die1,25.019348386368403,0.0,0.22574999999999995
m4_greedy,0.0026631199999999997,thermal_die2,die2,25.00827426373465,0.86,0.39760000000000006
m4_greedy,0.0026631199999999997,thermal_die3,die3,25.00964981993092,1.42,0.2407999999999999
m4_greedy,0.00266412,thermal_die0,die0,25.012772278810665,0.0,0.0
m4_greedy,0.00266412,thermal_die1,die1,25.019350692152102,0.0,0.44625
m4_greedy,0.00266412,thermal_die2,die2,25.00828585135324,1.7000000000000002,0.39759999999999973
m4_greedy,0.00266412,thermal_die3,die3,25.009660286215276,1.42,0.476
m4_greedy,0.00292012,thermal_die0,die0,25.01273929416903,0.0,0.0
m4_greedy,0.00292012,thermal_die1,die1,25.019627053040015,0.0,0.22574999999999995
m4_greedy,0.00292012,thermal_die2,die2,25.010055804617675,0.86,0.39760000000000006
m4_greedy,0.00292012,thermal_die3,die3,25.01200305596076,1.42,0.2407999999999999
m4_greedy,0.00292176,thermal_die0,die0,25.012739083136005,0.0,0.0
m4_greedy,0.00292176,thermal_die1,die1,25.019626764615907,0.0,0.0
m4_greedy,0.00292176,thermal_die2,die2,25.010059296287654,0.0,0.39759999999999995
m4_greedy,0.00292176,thermal_die3,die3,25.012015856964172,1.42,0.0
m4_greedy,0.00300368,thermal_die0,die0,25.01272854622652,0.0,0.0
m4_greedy,0.00300368,thermal_die1,die1,25.019672074287335,0.0,0.13124999999999998
m4_greedy,0.00300368,thermal_die2,die2,25.010461133238632,0.5,0.39759999999999995
m4_greedy,0.00300368,thermal_die3,die3,25.012718794644314,1.42,0.1399999999999999
m4_greedy,0.00300468,thermal_die0,die0,25.012728417655996,0.0,0.0
m4_greedy,0.00300468,thermal_die1,die1,25.01967262717846,0.0,0.13124999999999998
m4_greedy,0.00300468,thermal_die2,die2,25.010466036860972,0.5,0.39759999999999995
m4_greedy,0.00300468,thermal_die3,die3,25.01272737295623,1.42,0.1399999999999999
m4_greedy,0.00309812,thermal_die0,die0,25.012716409754496,0.0,0.0
m4_greedy,0.00309812,thermal_die1,die1,25.019724267471876,0.0,0.13124999999999998
m4_greedy,0.00309812,thermal_die2,die2,25.010924059661335,0.5,0.39759999999999995
m4_greedy,0.00309812,thermal_die3,die3,25.013528667634947,1.42,0.1399999999999999
m4_greedy,0.00327564,thermal_die0,die0,25.012693627993425,0.0,0.0
m4_greedy,0.00327564,thermal_die1,die1,25.019692917394895,0.0,0.0
m4_greedy,0.00327564,thermal_die2,die2,25.011300525569023,0.0,0.39759999999999995
m4_greedy,0.00327564,thermal_die3,die3,25.014911572767183,1.42,0.0
m4_greedy,0.00327664,thermal_die0,die0,25.012693499775608,0.0,0.0
m4_greedy,0.00327664,thermal_die1,die1,25.019692740935852,0.0,0.0
m4_greedy,0.00327664,thermal_die2,die2,25.011304729198965,0.0,0.7727999999999999
m4_greedy,0.00327664,thermal_die3,die3,25.014926802495047,2.7600000000000002,0.0
m4_greedy,0.0050046399999999994,thermal_die0,die0,25.012473862913797,0.0,0.0
m4_greedy,0.0050046399999999994,thermal_die1,die1,25.019390169608997,0.0,0.0
m4_greedy,0.0050046399999999994,thermal_die2,die2,25.01494165697638,0.0,0.39759999999999995
m4_greedy,0.0050046399999999994,thermal_die3,die3,25.02829928549768,1.42,0.0
m5_cpsat,0.0,thermal_die0,die0,25.0,0.0,0.0
m5_cpsat,0.0,thermal_die1,die1,25.0,0.0,0.0
m5_cpsat,0.0,thermal_die2,die2,25.0,0.0,0.0
m5_cpsat,0.0,thermal_die3,die3,25.0,0.0,0.0
m5_cpsat,4.48e-06,thermal_die0,die0,25.0,0.0,0.0
m5_cpsat,4.48e-06,thermal_die1,die1,25.00000065332022,0.0,0.026249999999999996
m5_cpsat,4.48e-06,thermal_die2,die2,25.000002488844643,0.1,0.0
m5_cpsat,4.48e-06,thermal_die3,die3,25.000000696878047,0.0,0.027999999999999997
m5_cpsat,5.76e-06,thermal_die0,die0,25.0,0.0,0.0
m5_cpsat,5.76e-06,thermal_die1,die1,25.000000839978323,0.0,0.026249999999999996
m5_cpsat,5.76e-06,thermal_die2,die2,25.00000319992686,0.1,0.0
m5_cpsat,5.76e-06,thermal_die3,die3,25.00000089598208,0.0,0.027999999999999997
m5_cpsat,7.4e-06,thermal_die0,die0,25.0,0.0,0.0
m5_cpsat,7.4e-06,thermal_die1,die1,25.00000107913089,0.0,0.026249999999999996
m5_cpsat,7.4e-06,thermal_die2,die2,25.00000411099039,0.1,0.0
m5_cpsat,7.4e-06,thermal_die3,die3,25.000001151081534,0.0,0.027999999999999997
m5_cpsat,7.401e-06,thermal_die0,die0,25.000000000666667,0.12,0.0
m5_cpsat,7.401e-06,thermal_die1,die1,25.000001079294215,0.0,0.029399999999999996
m5_cpsat,7.401e-06,thermal_die2,die2,25.000004110990357,0.0,0.0
m5_cpsat,7.401e-06,thermal_die3,die3,25.000001151081527,0.0,0.0
m5_cpsat,9.32e-06,thermal_die0,die0,25.00000127998759,0.12,0.0
m5_cpsat,9.32e-06,thermal_die1,die1,25.00000379943477,0.0,0.25514999999999993
m5_cpsat,9.32e-06,thermal_die2,die2,25.000013279413484,0.86,0.0
m5_cpsat,9.32e-06,thermal_die3,die3,25.00000371824464,0.0,0.24079999999999996
m5_cpsat,1.06e-05,thermal_die0,die0,25.000002133298857,0.12,0.0
m5_cpsat,1.06e-05,thermal_die1,die1,25.000005613780786,0.0,0.25514999999999993
m5_cpsat,1.06e-05,thermal_die2,die2,25.000019394803076,0.86,0.0
m5_cpsat,1.06e-05,thermal_die3,die3,25.000005430559533,0.0,0.24079999999999996
m5_cpsat,1.192e-05,thermal_die0,die0,25.000003013264546,0.12,0.0
m5_cpsat,1.192e-05,thermal_die1,die1,25.000007484803323,0.0,0.25514999999999993
m5_cpsat,1.192e-05,thermal_die2,die2,25.000025701233525,0.86,0.0
m5_cpsat,1.192e-05,thermal_die3,die3,25.000007196368326,0.0,0.24079999999999996
m5_cpsat,1.288e-05,thermal_die0,die0,25.000008506542027,1.0299999999999998,0.0
m5_cpsat,1.288e-05,thermal_die1,die1,25.000010034594638,0.0,0.47809999999999986
m5_cpsat,1.288e-05,thermal_die2,die2,25.0000302876869,0.86,0.0
m5_cpsat,1.288e-05,thermal_die3,die3,25.000008480582736,0.0,0.24079999999999996
m5_cpsat,1.608e-05,thermal_die0,die0,25.000027426850174,1.0299999999999998,0.0343
m5_cpsat,1.608e-05,thermal_die1,die1,25.000021022593817,0.14,0.47809999999999986
m5_cpsat,1.608e-05,thermal_die2,die2,25.00004622893748,0.86,0.03674999999999995
m5_cpsat,1.608e-05,thermal_die3,die3,25.000012761235602,0.0,0.24079999999999996
m5_cpsat,1.736e-05,thermal_die0,die0,25.000034994802196,1.0299999999999998,0.0343
m5_cpsat,1.736e-05,thermal_die1,die1,25.00002541770527,0.14,0.47809999999999986
m5_cpsat,1.736e-05,thermal_die2,die2,25.000052605324356,0.86,0.03674999999999995
m5_cpsat,1.736e-05,thermal_die3,die3,25.000014473470117,0.0,0.24079999999999996
m5_cpsat,1.9e-05,thermal_die0,die0,25.000044691097727,1.0299999999999998,0.0343
m5_cpsat,1.9e-05,thermal_die1,die1,25.00003104886815,0.14,0.47809999999999986
m5_cpsat,1.9e-05,thermal_die2,die2,25.000060774975374,0.86,0.03674999999999995
m5_cpsat,1.9e-05,thermal_die3,die3,25.000016667248342,0.0,0.24079999999999996
m5_cpsat,2.476e-05,thermal_die0,die0,25.000077647538777,1.0299999999999998,0.0
m5_cpsat,2.476e-05,thermal_die1,die1,25.000046346070857,0.0,0.47809999999999986
m5_cpsat,2.476e-05,thermal_die2,die2,25.000089725135368,0.86,0.04479999999999995
m5_cpsat,2.476e-05,thermal_die3,die3,25.000029491925158,0.16,0.24079999999999993
m5_cpsat,2.604e-05,thermal_die0,die0,25.00008497093195,1.0299999999999998,0.0
m5_cpsat,2.604e-05,thermal_die1,die1,25.000049745342018,0.0,0.47809999999999986
m5_cpsat,2.604e-05,thermal_die2,die2,25.00009615832453,0.86,0.04479999999999995
m5_cpsat,2.604e-05,thermal_die3,die3,25.000032341783676,0.16,0.24079999999999993
m5_cpsat,2.736e-05,thermal_die0,die0,25.000092523081992,1.0299999999999998,0.0
m5_cpsat,2.736e-05,thermal_die1,die1,25.000053250799567,0.0,0.47809999999999986
m5_cpsat,2.736e-05,thermal_die2,die2,25.00010279248241,0.86,0.04479999999999995
m5_cpsat,2.736e-05,thermal_die3,die3,25.00003528067374,0.16,0.24079999999999993
m5_cpsat,3.216e-05,thermal_die0,die0,25.000119984596953,1.0299999999999998,0.0
m5_cpsat,3.216e-05,thermal_die1,die1,25.000065997568417,0.0,0.47809999999999986
m5_cpsat,3.216e-05,thermal_die2,die2,25.000125721463093,0.86,0.0
m5_cpsat,3.216e-05,thermal_die3,die3,25.000041700724047,0.0,0.24079999999999996
m5_cpsat,3.664e-05,thermal_die0,die0,25.000145614142998,1.0299999999999998,0.0
m5_cpsat,3.664e-05,thermal_die1,die1,25.000077894058045,0.0,0.47809999999999986
m5_cpsat,3.664e-05,thermal_die2,die2,25.000147121057,0.86,0.0
m5_cpsat,3.664e-05,thermal_die3,die3,25.00004769257793,0.0,0.24079999999999996
m5_cpsat,3.984e-05,thermal_die0,die0,25.00016392025153,1.0299999999999998,0.0
m5_cpsat,3.984e-05,thermal_die1,die1,25.000086391258254,0.0,0.47809999999999986
m5_cpsat,3.984e-05,thermal_die2,die2,25.000162406015388,0.86,0.0
m5_cpsat,3.984e-05,thermal_die3,die3,25.00005197235943,0.0,0.24079999999999996
m5_cpsat,0.0001234,thermal_die0,die0,25.000641729111745,1.0299999999999998,0.0
m5_cpsat,0.0001234,thermal_die1,die1,25.000308188172546,0.0,0.47809999999999986
m5_cpsat,0.0001234,thermal_die2,die2,25.00056139710795,0.86,0.0
m5_cpsat,0.0001234,thermal_die3,die3,25.000163694494063,0.0,0.24079999999999996
m5_cpsat,0.0001266,thermal_die0,die0,25.00066023695876,1.0299999999999998,0.012250000000000094
m5_cpsat,0.0001266,thermal_die1,die1,25.00031756764558,0.05,0.4780999999999998
m5_cpsat,0.0001266,thermal_die2,die2,25.000576904875544,0.86,0.013124999999999942
m5_cpsat,0.0001266,thermal_die3,die3,25.00016797169777,0.0,0.24079999999999996
m5_cpsat,0.000186641,thermal_die0,die0,25.001003300445973,1.0299999999999998,0.0
m5_cpsat,0.000186641,thermal_die1,die1,25.000476829515414,0.0,0.47809999999999986
m5_cpsat,0.000186641,thermal_die2,die2,25.000863424255833,0.86,0.0
m5_cpsat,0.000186641,thermal_die3,die3,25.000248206449136,0.0,0.24079999999999996
m5_cpsat,0.000192401,thermal_die0,die0,25.00103620111501,1.0299999999999998,0.0
m5_cpsat,0.000192401,thermal_die1,die1,25.00049210371068,0.0,0.47809999999999986
m5_cpsat,0.000192401,thermal_die2,die2,25.000890904156893,0.86,0.0
m5_cpsat,0.000192401,thermal_die3,die3,25.000255901966966,0.0,0.24079999999999996
m5_cpsat,0.00022004,thermal_die0,die0,25.001194046291722,1.0299999999999998,0.0
m5_cpsat,0.00022004,thermal_die1,die1,25.000565385015793,0.0,0.47809999999999986
m5_cpsat,0.00022004,thermal_die2,die2,25.00102274726981,0.86,0.0
m5_cpsat,0.00022004,thermal_die3,die3,25.000292824146293,0.0,0.24079999999999996
m5_cpsat,0.00022036,thermal_die0,die0,25.00119589531808,1.0299999999999998,0.012250000000000094
m5_cpsat,0.00022036,thermal_die1,die1,25.00056632223772,0.05,0.4780999999999998
m5_cpsat,0.00022036,thermal_die2,die2,25.001024296892613,0.86,0.013124999999999942
m5_cpsat,0.00022036,thermal_die3,die3,25.000293251583987,0.0,0.24079999999999996
m5_cpsat,0.000221,thermal_die0,die0,25.001199593352865,1.0299999999999998,0.012250000000000094
m5_cpsat,0.000221,thermal_die1,die1,25.00056819667351,0.05,0.4780999999999998
m5_cpsat,0.000221,thermal_die2,die2,25.001027396126407,0.86,0.013124999999999942
m5_cpsat,0.000221,thermal_die3,die3,25.000294106456526,0.0,0.24079999999999996
m5_cpsat,0.000263401,thermal_die0,die0,25.001441655679468,1.0299999999999998,0.0
m5_cpsat,0.000263401,thermal_die1,die1,25.000680581210744,0.0,0.47809999999999986
m5_cpsat,0.000263401,thermal_die2,die2,25.001229598922723,0.86,0.0
m5_cpsat,0.000263401,thermal_die3,die3,25.000350734634495,0.0,0.24079999999999996
m5_cpsat,0.000360761,thermal_die0,die0,25.001997080304726,1.0299999999999998,0.0
m5_cpsat,0.000360761,thermal_die1,die1,25.000816421519577,0.0,0.2523499999999999
m5_cpsat,0.000360761,thermal_die2,die2,25.00144362353692,0.0,0.39759999999999995
m5_cpsat,0.000360761,thermal_die3,die3,25.001118300212084,1.42,0.0
m5_cpsat,0.000361761,thermal_die0,die0,25.002002782325622,1.0299999999999998,0.0
m5_cpsat,0.000361761,thermal_die1,die1,25.00082029529773,0.0,0.6985999999999999
m5_cpsat,0.000361761,thermal_die2,die2,25.001455265366726,1.7000000000000002,0.39759999999999973
m5_cpsat,0.000361761,thermal_die3,die3,25.001128825742896,1.42,0.476
m5_cpsat,0.00077992,thermal_die0,die0,25.004382093201542,1.0299999999999998,0.0
m5_cpsat,0.00077992,thermal_die1,die1,25.001402366209078,0.0,0.2523499999999999
m5_cpsat,0.00077992,thermal_die2,die2,25.00237257951674,0.0,0.39759999999999995
m5_cpsat,0.00077992,thermal_die3,die3,25.004419577365535,1.42,0.0
m5_cpsat,0.000779921,thermal_die0,die0,25.00438209315728,0.0,0.0
m5_cpsat,0.000779921,thermal_die1,die1,25.00140236745068,0.0,0.22574999999999995
m5_cpsat,0.000779921,thermal_die2,die2,25.00237258648458,0.86,0.39760000000000006
m5_cpsat,0.000779921,thermal_die3,die3,25.00441958656151,1.42,0.2407999999999999
m5_cpsat,0.00078088,thermal_die0,die0,25.004382050708724,0.0,0.0
m5_cpsat,0.00078088,thermal_die1,die1,25.001403558140588,0.0,0.22574999999999995
m5_cpsat,0.00078088,thermal_die2,die2,25.002379268614465,0.86,0.39760000000000006
m5_cpsat,0.00078088,thermal_die3,die3,25.00442840547226,1.42,0.2407999999999999
m5_cpsat,0.000781561,thermal_die0,die0,25.004389284540647,1.92,0.0
m5_cpsat,0.000781561,thermal_die1,die1,25.001406183335355,0.0,0.6961499999999998
m5_cpsat,0.000781561,thermal_die2,die2,25.00238401366226,0.86,0.39760000000000006
m5_cpsat,0.000781561,thermal_die3,die3,25.004434667874786,1.42,0.2407999999999999
m5_cpsat,0.00078188,thermal_die0,die0,25.00439286844579,1.92,0.11025000000000018
m5_cpsat,0.00078188,thermal_die1,die1,25.001408210545492,0.45,0.6961499999999998
m5_cpsat,0.00078188,thermal_die2,die2,25.00238644571388,0.86,0.5157249999999999
m5_cpsat,0.00078188,thermal_die3,die3,25.004437601354184,1.42,0.2407999999999999
m5_cpsat,0.000863481,thermal_die0,die0,25.00443920912455,0.0,0.11024999999999999
m5_cpsat,0.000863481,thermal_die1,die1,25.001713413033347,0.45,0.22574999999999995
m5_cpsat,0.000863481,thermal_die2,die2,25.003008368421458,0.86,0.5157249999999999
m5_cpsat,0.000863481,thermal_die3,die3,25.005187779336158,1.42,0.2407999999999999
m5_cpsat,0.000864481,thermal_die0,die0,25.004439776781187,0.0,0.11024999999999999
m5_cpsat,0.000864481,thermal_die1,die1,25.0017171518301,0.45,0.22574999999999995
m5_cpsat,0.000864481,thermal_die2,die2,25.00301598743195,0.86,0.5157249999999999
m5_cpsat,0.000864481,thermal_die3,die3,25.005196969944667,1.42,0.2407999999999999
m5_cpsat,0.000956641,thermal_die0,die0,25.00449206740993,0.0,0.11024999999999999
m5_cpsat,0.000956641,thermal_die1,die1,25.002061575561797,0.45,0.22574999999999995
m5_cpsat,0.000956641,thermal_die2,die2,25.003717895923316,0.86,0.5157249999999999
m5_cpsat,0.000956641,thermal_die3,die3,25.006043702500584,1.42,0.2407999999999999
m5_cpsat,0.00103592,thermal_die0,die0,25.00448847161137,0.0,0.0
m5_cpsat,0.00103592,thermal_die1,die1,25.002159505339925,0.0,0.22574999999999995
m5_cpsat,0.00103592,thermal_die2,die2,25.00426927909287,0.86,0.39760000000000006
m5_cpsat,0.00103592,thermal_die3,die3,25.00677165565005,1.42,0.2407999999999999
m5_cpsat,0.001991401,thermal_die0,die0,25.006063185418558,0.0,0.30624999999999997
m5_cpsat,0.001991401,thermal_die1,die1,25.008748056410983,1.25,0.0
m5_cpsat,0.001991401,thermal_die2,die2,25.00807477086872,0.0,0.725725
m5_cpsat,0.001991401,thermal_die3,die3,25.01423960385065,1.42,0.0
m5_cpsat,0.001992401,thermal_die0,die0,25.006070547748187,1.0299999999999998,0.3062499999999999
m5_cpsat,0.001992401,thermal_die1,die1,25.008756324375227,1.25,0.25234999999999985
m5_cpsat,0.001992401,thermal_die2,die2,25.00808082300922,0.0,1.100925
m5_cpsat,0.001992401,thermal_die3,die3,25.01425483824495,2.7600000000000002,0.0
m5_cpsat,0.001993041,thermal_die0,die0,25.006075259600124,1.0299999999999998,0.3062499999999999
m5_cpsat,0.001993041,thermal_die1,die1,25.008761615833464,1.25,0.25234999999999985
m5_cpsat,0.001993041,thermal_die2,die2,25.008081948627577,0.0,0.32812499999999994
m5_cpsat,0.001993041,thermal_die3,die3,25.01425477489025,0.0,0.0
m5_cpsat,0.002074961,thermal_die0,die0,25.006678125235997,1.0299999999999998,0.3062499999999999
m5_cpsat,0.002074961,thermal_die1,die1,25.00943867201856,1.25,0.25234999999999985
m5_cpsat,0.002074961,thermal_die2,die2,25.008296044916737,0.0,0.4821249999999999
m5_cpsat,0.002074961,thermal_die3,die3,25.01449690773844,0.55,0.0
m5_cpsat,0.002075961,thermal_die0,die0,25.006685481354147,1.0299999999999998,0.3062499999999999
m5_cpsat,0.002075961,thermal_die1,die1,25.00944693379452,1.25,0.25234999999999985
m5_cpsat,0.002075961,thermal_die2,die2,25.008298657536965,0.0,0.4821249999999999
m5_cpsat,0.002075961,thermal_die3,die3,25.014499862610766,0.55,0.0
m5_cpsat,0.002170681,thermal_die0,die0,25.00738191612986,1.0299999999999998,0.3062499999999999
m5_cpsat,0.002170681,thermal_die1,die1,25.010229153707563,1.25,0.25234999999999985
m5_cpsat,0.002170681,thermal_die2,die2,25.008546030950342,0.0,0.4821249999999999
m5_cpsat,0.002170681,thermal_die3,die3,25.014779655114847,0.55,0.0
m5_cpsat,0.00223592,thermal_die0,die0,25.007861202624134,1.0299999999999998,0.3062499999999999
m5_cpsat,0.00223592,thermal_die1,die1,25.010767526649293,1.25,0.25234999999999985
m5_cpsat,0.00223592,thermal_die2,die2,25.00866050169636,0.0,0.32812499999999994
m5_cpsat,0.00223592,thermal_die3,die3,25.01477296072918,0.0,0.0
m5_cpsat,0.002235921,thermal_die0,die0,25.007861208266952,1.0299999999999998,0.0
m5_cpsat,0.002235921,thermal_die1,die1,25.010767527954755,0.0,0.2523499999999999
m5_cpsat,0.002235921,thermal_die2,die2,25.008660503836516,0.0,0.39759999999999995
m5_cpsat,0.002235921,thermal_die3,die3,25.014772968515476,1.42,0.0
m5_cpsat,0.002236921,thermal_die0,die0,25.00786989992802,1.0299999999999998,0.5488
m5_cpsat,0.002236921,thermal_die1,die1,25.010781277798817,2.24,0.25234999999999985
m5_cpsat,0.002236921,thermal_die2,die2,25.00866591063646,0.0,0.9855999999999999
m5_cpsat,0.002236921,thermal_die3,die3,25.01478075478727,1.42,0.0
m5_cpsat,0.002237561,thermal_die0,die0,25.00787351126245,1.0299999999999998,0.0
m5_cpsat,0.002237561,thermal_die1,die1,25.01078211321275,0.0,0.2523499999999999
m5_cpsat,0.002237561,thermal_die2,die2,25.008667280304547,0.0,0.39759999999999995
m5_cpsat,0.002237561,thermal_die3,die3,25.014785737972844,1.42,0.0
m5_cpsat,0.002319481,thermal_die0,die0,25.008335569378072,1.0299999999999998,0.0
m5_cpsat,0.002319481,thermal_die1,die1,25.01094871806719,0.0,0.3835999999999999
m5_cpsat,0.002319481,thermal_die2,die2,25.009070021992724,0.5,0.39759999999999995
m5_cpsat,0.002319481,thermal_die3,die3,25.015487100346583,1.42,0.1399999999999999
m5_cpsat,0.002320481,thermal_die0,die0,25.008341207374148,1.0299999999999998,0.0
m5_cpsat,0.002320481,thermal_die1,die1,25.0109507510624,0.0,0.3835999999999999
m5_cpsat,0.002320481,thermal_die2,die2,25.009074936655587,0.5,0.39759999999999995
m5_cpsat,0.002320481,thermal_die3,die3,25.015495659434222,1.42,0.1399999999999999
m5_cpsat,0.002413921,thermal_die0,die0,25.008867770532554,1.0299999999999998,0.0
m5_cpsat,0.002413921,thermal_die1,die1,25.01114063378052,0.0,0.3835999999999999
m5_cpsat,0.002413921,thermal_die2,die2,25.009533990695772,0.5,0.39759999999999995
m5_cpsat,0.002413921,thermal_die3,die3,25.016295158385276,1.42,0.1399999999999999
m5_cpsat,0.002759401,thermal_die0,die0,25.0108103465617,1.0299999999999998,0.0
m5_cpsat,0.002759401,thermal_die1,die1,25.011589793908204,0.0,0.2523499999999999
m5_cpsat,0.002759401,thermal_die2,die2,25.010269966885215,0.0,0.39759999999999995
m5_cpsat,0.002759401,thermal_die3,die3,25.01897829698243,1.42,0.0
m5_cpsat,0.00276036,thermal_die0,die0,25.0108102418438,0.0,0.0
m5_cpsat,0.00276036,thermal_die1,die1,25.01158969431533,0.0,0.0
m5_cpsat,0.00276036,thermal_die2,die2,25.010272007036036,0.0,0.39759999999999995
m5_cpsat,0.00276036,thermal_die3,die3,25.018985736011917,1.42,0.0
m5_cpsat,0.00396036,thermal_die0,die0,25.012709342324253,0.0,0.30624999999999997
m5_cpsat,0.00396036,thermal_die1,die1,25.019754432172284,1.25,0.0
m5_cpsat,0.00396036,thermal_die2,die2,25.01498984351618,0.0,0.725725
m5_cpsat,0.00396036,thermal_die3,die3,25.028255510506956,1.42,0.0
m5_cpsat,0.00396392,thermal_die0,die0,25.012708885309657,0.0,0.0
m5_cpsat,0.00396392,thermal_die1,die1,25.01975380202303,0.0,0.0
m5_cpsat,0.00396392,thermal_die2,die2,25.014997283532956,0.0,0.39759999999999995
m5_cpsat,0.00396392,thermal_die3,die3,25.028282896073872,1.42,0.0
m6_alns,0.0,thermal_die0,die0,25.0,0.0,0.0
m6_alns,0.0,thermal_die1,die1,25.0,0.0,0.0
m6_alns,0.0,thermal_die2,die2,25.0,0.0,0.0
m6_alns,0.0,thermal_die3,die3,25.0,0.0,0.0
m6_alns,1.92e-06,thermal_die0,die0,25.00000127998759,0.12,0.0
m6_alns,1.92e-06,thermal_die1,die1,25.0000003135973,0.0,0.029399999999999996
m6_alns,1.92e-06,thermal_die2,die2,25.0,0.0,0.0
m6_alns,1.92e-06,thermal_die3,die3,25.0,0.0,0.0
m6_alns,3.2e-06,thermal_die0,die0,25.000002133298857,0.12,0.0
m6_alns,3.2e-06,thermal_die1,die1,25.00000052265917,0.0,0.029399999999999996
m6_alns,3.2e-06,thermal_die2,die2,25.0,0.0,0.0
m6_alns,3.2e-06,thermal_die3,die3,25.0,0.0,0.0
m6_alns,4.52e-06,thermal_die0,die0,25.000003013264546,0.12,0.0
m6_alns,4.52e-06,thermal_die1,die1,25.000000738251714,0.0,0.029399999999999996
m6_alns,4.52e-06,thermal_die2,die2,25.0,0.0,0.0
m6_alns,4.52e-06,thermal_die3,die3,25.0,0.0,0.0
m6_alns,9e-06,thermal_die0,die0,25.00002864810372,1.0299999999999998,0.0
m6_alns,9e-06,thermal_die1,die1,25.000007672127346,0.0,0.2785999999999999
m6_alns,9e-06,thermal_die2,die2,25.000002488844643,0.1,0.0
m6_alns,9e-06,thermal_die3,die3,25.000000696878047,0.0,0.027999999999999997
m6_alns,1.028e-05,thermal_die0,die0,25.000035972130416,1.0299999999999998,0.0
m6_alns,1.028e-05,thermal_die1,die1,25.000009653183543,0.0,0.2785999999999999
m6_alns,1.028e-05,thermal_die2,die2,25.00000319992686,0.1,0.0
m6_alns,1.028e-05,thermal_die3,die3,25.00000089598208,0.0,0.027999999999999997
m6_alns,1.192e-05,thermal_die0,die0,25.000045355901232,1.0299999999999998,0.0
m6_alns,1.192e-05,thermal_die1,die1,25.00001219137859,0.0,0.2785999999999999
m6_alns,1.192e-05,thermal_die2,die2,25.00000411099039,0.1,0.0
m6_alns,1.192e-05,thermal_die3,die3,25.000001151081534,0.0,0.027999999999999997
m6_alns,1.512e-05,thermal_die0,die0,25.000063665250384,1.0299999999999998,0.0
m6_alns,1.512e-05,thermal_die1,die1,25.000020690462723,0.0,0.47809999999999986
m6_alns,1.512e-05,thermal_die2,die2,25.00001939958073,0.86,0.0
m6_alns,1.512e-05,thermal_die3,die3,25.00000543189728,0.0,0.24079999999999996
m6_alns,1.832e-05,thermal_die0,die0,25.000082191781985,1.0299999999999998,0.012250000000000094
m6_alns,1.832e-05,thermal_die1,die1,25.0000300781793,0.05,0.4780999999999998
m6_alns,1.832e-05,thermal_die2,die2,25.000034921113166,0.86,0.013124999999999942
m6_alns,1.832e-05,thermal_die3,die3,25.000009712617896,0.0,0.24079999999999996
m6_alns,1.864e-05,thermal_die0,die0,25.000084044402207,1.0299999999999998,0.012250000000000094
m6_alns,1.864e-05,thermal_die1,die1,25.000031016936152,0.05,0.4780999999999998
m6_alns,1.864e-05,thermal_die2,die2,25.000036473244727,0.86,0.013124999999999942
m6_alns,1.864e-05,thermal_die3,die3,25.000010140684726,0.0,0.24079999999999996
m6_alns,1.928e-05,thermal_die0,die0,25.00008774962469,1.0299999999999998,0.012250000000000094
m6_alns,1.928e-05,thermal_die1,die1,25.000032894441784,0.05,0.4780999999999998
m6_alns,1.928e-05,thermal_die2,die2,25.000039577496025,0.86,0.013124999999999942
m6_alns,1.928e-05,thermal_die3,die3,25.000010996815533,0.0,0.24079999999999996
m6_alns,2.376e-05,thermal_die0,die0,25.000113380629415,1.0299999999999998,0.0
m6_alns,2.376e-05,thermal_die1,die1,25.000044792260258,0.0,0.47809999999999986
m6_alns,2.376e-05,thermal_die2,die2,25.000060980152774,0.86,0.0
m6_alns,2.376e-05,thermal_die3,die3,25.000016989624633,0.0,0.24079999999999996
m6_alns,2.3761e-05,thermal_die0,die0,25.000113386350492,1.0299999999999998,0.0
m6_alns,2.3761e-05,thermal_die1,die1,25.00004479491597,0.0,0.47809999999999986
m6_alns,2.3761e-05,thermal_die2,die2,25.00006098493007,0.86,0.0
m6_alns,2.3761e-05,thermal_die3,die3,25.000016990962294,0.0,0.24079999999999996
m6_alns,2.9521e-05,thermal_die0,die0,25.000146338794842,1.0299999999999998,0.0
m6_alns,2.9521e-05,thermal_die1,die1,25.00006009140922,0.0,0.47809999999999986
m6_alns,2.9521e-05,thermal_die2,die2,25.000088501513233,0.86,0.0
m6_alns,2.9521e-05,thermal_die3,die3,25.00002469572856,0.0,0.24079999999999996
m6_alns,3.2721e-05,thermal_die0,die0,25.000165254647875,1.0299999999999998,0.0343
m6_alns,3.2721e-05,thermal_die1,die1,25.0000710779731,0.14,0.47809999999999986
m6_alns,3.2721e-05,thermal_die2,die2,25.000104441285387,0.86,0.03674999999999995
m6_alns,3.2721e-05,thermal_die3,die3,25.000028976021095,0.0,0.24079999999999996
m6_alns,3.4001e-05,thermal_die0,die0,25.00017282081789,1.0299999999999998,0.0343
m6_alns,3.4001e-05,thermal_die1,die1,25.000075472510446,0.14,0.47809999999999986
m6_alns,3.4001e-05,thermal_die2,die2,25.000110817080902,0.86,0.03674999999999995
m6_alns,3.4001e-05,thermal_die3,die3,25.000030688111476,0.0,0.24079999999999996
m6_alns,3.5641e-05,thermal_die0,die0,25.00018251483026,1.0299999999999998,0.0343
m6_alns,3.5641e-05,thermal_die1,die1,25.00008110293776,0.14,0.47809999999999986
m6_alns,3.5641e-05,thermal_die2,die2,25.000118985974247,0.86,0.03674999999999995
m6_alns,3.5641e-05,thermal_die3,die3,25.000032881705035,0.0,0.24079999999999996
m6_alns,4.1401e-05,thermal_die0,die0,25.000215463252708,1.0299999999999998,0.0
m6_alns,4.1401e-05,thermal_die1,die1,25.000096397557098,0.0,0.47809999999999986
m6_alns,4.1401e-05,thermal_die2,die2,25.000147933473226,0.86,0.04479999999999995
m6_alns,4.1401e-05,thermal_die3,die3,25.000045705733285,0.16,0.24079999999999993
m6_alns,4.2681e-05,thermal_die0,die0,25.000222784864032,1.0299999999999998,0.0
m6_alns,4.2681e-05,thermal_die1,die1,25.000099796254194,0.0,0.47809999999999986
m6_alns,4.2681e-05,thermal_die2,die2,25.00015436607107,0.86,0.04479999999999995
m6_alns,4.2681e-05,thermal_die3,die3,25.00004855544768,0.16,0.24079999999999993
m6_alns,4.4001e-05,thermal_die0,die0,25.000230335176564,1.0299999999999998,0.0
m6_alns,4.4001e-05,thermal_die1,die1,25.000103301119747,0.0,0.47809999999999986
m6_alns,4.4001e-05,thermal_die2,die2,25.000160999619155,0.86,0.04479999999999995
m6_alns,4.4001e-05,thermal_die3,die3,25.00005149418912,0.16,0.24079999999999993
m6_alns,0.00026792,thermal_die0,die0,25.00150968111748,1.0299999999999998,0.0
m6_alns,0.00026792,thermal_die1,die1,25.00069725153288,0.0,0.47809999999999986
m6_alns,0.00026792,thermal_die2,die2,25.001229598919526,0.86,0.0
m6_alns,0.00026792,thermal_die3,die3,25.000350735259044,0.0,0.24079999999999996
m6_alns,0.00026892,thermal_die0,die0,25.001515388061573,1.0299999999999998,0.0
m6_alns,0.00026892,thermal_die1,die1,25.000701126378857,0.0,0.6985999999999999
m6_alns,0.00026892,thermal_die2,die2,25.001241242447932,1.7000000000000002,0.39759999999999973
m6_alns,0.00026892,thermal_die3,die3,25.00036126612015,1.42,0.476
m6_alns,0.00026956,thermal_die0,die0,25.001519040475543,1.0299999999999998,0.0
m6_alns,0.00026956,thermal_die1,die1,25.000702019599945,0.0,0.2523499999999999
m6_alns,0.00026956,thermal_die2,die2,25.001242649828523,0.0,0.39759999999999995
m6_alns,0.00026956,thermal_die3,die3,25.0003663133922,1.42,0.0
m6_alns,0.000307506,thermal_die0,die0,25.001735552186158,1.0299999999999998,0.0
m6_alns,0.000307506,thermal_die1,die1,25.000754970082024,0.0,0.2523499999999999
m6_alns,0.000307506,thermal_die2,die2,25.001326081527733,0.0,0.39759999999999995
m6_alns,0.000307506,thermal_die3,die3,25.000665529215816,1.42,0.0
m6_alns,0.000389426,thermal_die0,die0,25.002202687207124,1.0299999999999998,0.0
m6_alns,0.000389426,thermal_die1,die1,25.00092893266188,0.0,0.3835999999999999
m6_alns,0.000389426,thermal_die2,die2,25.001733594609135,0.5,0.39759999999999995
m6_alns,0.000389426,thermal_die3,die3,25.001374922134968,1.42,0.1399999999999999
m6_alns,0.000390426,thermal_die0,die0,25.002208387151192,1.0299999999999998,0.0
m6_alns,0.000390426,thermal_die1,die1,25.00093105543971,0.0,0.3835999999999999
m6_alns,0.000390426,thermal_die2,die2,25.00173856749738,0.5,0.39759999999999995
m6_alns,0.000390426,thermal_die3,die3,25.001383579223504,1.42,0.1399999999999999
m6_alns,0.000483866,thermal_die0,die0,25.002740735969933,1.0299999999999998,0.0
m6_alns,0.000483866,thermal_die1,die1,25.00112932389728,0.0,0.3835999999999999
m6_alns,0.000483866,thermal_die2,die2,25.002203060078948,0.5,0.39759999999999995
m6_alns,0.000483866,thermal_die3,die3,25.002192232376256,1.42,0.1399999999999999
m6_alns,0.00077252,thermal_die0,die0,25.004382093134844,1.0299999999999998,0.0
m6_alns,0.00077252,thermal_die1,die1,25.001530560642426,0.0,0.2523499999999999
m6_alns,0.00077252,thermal_die2,die2,25.002834893679818,0.0,0.39759999999999995
m6_alns,0.00077252,thermal_die3,die3,25.00446272088377,1.42,0.0
m6_alns,0.00077352,thermal_die0,die0,25.004392715484293,1.92,0.0
m6_alns,0.00077352,thermal_die1,die1,25.001534414410457,0.0,0.6961499999999998
m6_alns,0.00077352,thermal_die2,die2,25.002841857819693,0.86,0.39760000000000006
m6_alns,0.00077352,thermal_die3,die3,25.00447191652739,1.42,0.2407999999999999
m6_alns,0.00077416,thermal_die0,die0,25.004392687087034,0.0,0.0
m6_alns,0.00077416,thermal_die1,die1,25.00153520827534,0.0,0.22574999999999995
m6_alns,0.00077416,thermal_die2,die2,25.002846314840205,0.86,0.39760000000000006
m6_alns,0.00077416,thermal_die3,die3,25.004477801705793,1.42,0.2407999999999999
m6_alns,0.00085608,thermal_die0,die0,25.00443920899889,0.0,0.11024999999999999
m6_alns,0.00085608,thermal_die1,die1,25.001841510254497,0.45,0.22574999999999995
m6_alns,0.00085608,thermal_die2,die2,25.003470369127943,0.86,0.5157249999999999
m6_alns,0.00085608,thermal_die3,die3,25.005230888635786,1.42,0.2407999999999999
m6_alns,0.00085708,thermal_die0,die0,25.004439776655527,0.0,0.11024999999999999
m6_alns,0.00085708,thermal_die1,die1,25.00184524790343,0.45,0.22574999999999995
m6_alns,0.00085708,thermal_die2,die2,25.00347798447178,0.86,0.5157249999999999
m6_alns,0.00085708,thermal_die3,die3,25.005240078944926,1.42,0.2407999999999999
m6_alns,0.00094924,thermal_die0,die0,25.00449206728439,0.0,0.11024999999999999
m6_alns,0.00094924,thermal_die1,die1,25.002189565896227,0.45,0.22574999999999995
m6_alns,0.00094924,thermal_die2,die2,25.00417955516886,0.86,0.5157249999999999
m6_alns,0.00094924,thermal_die3,die3,25.00608678391991,1.42,0.2407999999999999
m6_alns,0.00102852,thermal_die0,die0,25.00448847144059,0.0,0.0
m6_alns,0.00102852,thermal_die1,die1,25.00228740601786,0.0,0.22574999999999995
m6_alns,0.00102852,thermal_die2,die2,25.004730654903636,0.86,0.39760000000000006
m6_alns,0.00102852,thermal_die3,die3,25.006814722536827,1.42,0.2407999999999999
m6_alns,0.00199592,thermal_die0,die0,25.006082732956095,0.0,0.30624999999999997
m6_alns,0.00199592,thermal_die1,die1,25.00895668534022,1.25,0.0
m6_alns,0.00199592,thermal_die2,die2,25.00857990692131,0.0,0.725725
m6_alns,0.00199592,thermal_die3,die3,25.014375227581674,1.42,0.0
m6_alns,0.00199692,thermal_die0,die0,25.006090095088275,1.0299999999999998,0.3062499999999999
m6_alns,0.00199692,thermal_die1,die1,25.008964951435036,1.25,0.25234999999999985
m6_alns,0.00199692,thermal_die2,die2,25.00858595505281,0.0,1.100925
m6_alns,0.00199692,thermal_die3,die3,25.014390461034143,2.7600000000000002,0.0
m6_alns,0.00199756,thermal_die0,die0,25.006094806813845,1.0299999999999998,0.3062499999999999
m6_alns,0.00199756,thermal_die1,die1,25.008970241696847,1.25,0.25234999999999985
m6_alns,0.00199756,thermal_die2,die2,25.00858707810542,0.0,0.32812499999999994
m6_alns,0.00199756,thermal_die3,die3,25.01439039707668,0.0,0.0
m6_alns,0.00207948,thermal_die0,die0,25.006697656281585,1.0299999999999998,0.3062499999999999
m6_alns,0.00207948,thermal_die1,die1,25.009647144796283,1.25,0.25234999999999985
m6_alns,0.00207948,thermal_die2,die2,25.008800846086977,0.0,0.4821249999999999
m6_alns,0.00207948,thermal_die3,die3,25.014632452792856,0.55,0.0
m6_alns,0.00208048,thermal_die0,die0,25.00670501220245,1.0299999999999998,0.3062499999999999
m6_alns,0.00208048,thermal_die1,die1,25.009655404704215,1.25,0.25234999999999985
m6_alns,0.00208048,thermal_die2,die2,25.008803454700864,0.0,0.4821249999999999
m6_alns,0.00208048,thermal_die3,die3,25.0146354067239,0.55,0.0
m6_alns,0.0021752,thermal_die0,die0,25.007401428300614,1.0299999999999998,0.3062499999999999
m6_alns,0.0021752,thermal_die1,die1,25.010437447753574,1.25,0.25234999999999985
m6_alns,0.0021752,thermal_die2,die2,25.009050448777575,0.0,0.4821249999999999
m6_alns,0.0021752,thermal_die3,die3,25.014915110099395,0.55,0.0
m6_alns,0.00222852,thermal_die0,die0,25.00779316343947,1.0299999999999998,0.3062499999999999
m6_alns,0.00222852,thermal_die1,die1,25.01087738532397,1.25,0.25234999999999985
m6_alns,0.00222852,thermal_die2,die2,25.009143797021476,0.0,0.32812499999999994
m6_alns,0.00222852,thermal_die3,die3,25.01490958838792,0.0,0.0
m6_alns,0.00222952,thermal_die0,die0,25.007801855787857,1.0299999999999998,0.5488
m6_alns,0.00222952,thermal_die1,die1,25.010891134183648,2.24,0.25234999999999985
m6_alns,0.00222952,thermal_die2,die2,25.009149199985774,0.0,0.9855999999999999
m6_alns,0.00222952,thermal_die3,die3,25.01491737371097,1.42,0.0
m6_alns,0.00276392,thermal_die0,die0,25.01080957198457,1.0299999999999998,0.0
m6_alns,0.00276392,thermal_die1,die1,25.01158651451321,0.0,0.2523499999999999
m6_alns,0.00276392,thermal_die2,die2,25.010288408429112,0.0,0.39759999999999995
m6_alns,0.00276392,thermal_die3,die3,25.019070125474165,1.42,0.0
m6_alns,0.00395652,thermal_die0,die0,25.012697039764465,0.0,0.30624999999999997
m6_alns,0.00395652,thermal_die1,die1,25.019701205502273,1.25,0.0
m6_alns,0.00395652,thermal_die2,die2,25.01497713454563,0.0,0.725725
m6_alns,0.00395652,thermal_die3,die3,25.028282276725367,1.42,0.0
m6_alns,0.00396392,thermal_die0,die0,25.012708680535518,0.0,0.30624999999999997
m6_alns,0.00396392,thermal_die1,die1,25.01975128637842,1.25,0.0
m6_alns,0.00396392,thermal_die2,die2,25.01498974414919,0.0,0.32812499999999994
m6_alns,0.00396392,thermal_die3,die3,25.028280823367933,0.0,0.0
